"cellId","origId","iceLabel","Points:0","Points:1","Points:2"
2297,5317,0,1.0477,0.048781,6.875e-08
2278,5326,0,1.0425,0.043984,4.0424e-07
2304,5339,0,0.98584,0.047946,5.1152e-08
2369,5283,0,0.94593,0.059055,-3.4822e-07
2748,5277,0,0.94085,0.053921,7.8294e-07
1724,5174,0,0.76745,0.080777,3.7094e-07
1569,5303,0,0.73611,0.10185,-1.7763e-07
2290,5280,0,0.87659,0.067696,2.1235e-08
2656,5269,0,1.0251,0.036449,-8.6681e-07
1976,5309,0,0.81214,0.08186,1.5974e-07
834,5307,0,0.64837,0.12852,-5.7049e-08
2389,5330,0,0.90651,0.05767,1.0727e-06
2213,5325,0,0.85807,0.07096,-2.0212e-07
2751,5331,0,0.92163,0.054988,8.2172e-07
2679,5336,0,0.98844,0.038734,1.4942e-07
1769,5321,0,0.77488,0.089778,-1.4848e-08
2733,5338,0,0.95084,0.048101,1.3826e-07
2010,5278,0,0.8144,0.079017,3.4911e-08
1339,5235,0,0.70925,0.095366,-1.3626e-07
2331,5335,0,0.88595,0.059896,4.524e-07
2686,5342,0,0.93317,0.040044,4.2938e-08
2386,5344,0,0.90691,0.049897,2.5917e-07
2647,5337,0,0.94253,0.033333,1.6699e-07
2647,5340,0,0.94696,0.034229,3.7385e-09
2210,5345,0,0.8551,0.065291,-2.0995e-07
1530,5348,0,0.73276,0.099537,1.9578e-07
904,5333,0,0.65618,0.12589,5.1584e-08
2007,5350,0,0.81905,0.07342,2.4347e-07
1492,5347,0,0.7277,0.099389,5.8698e-08
1972,5349,0,0.80807,0.076908,-1.9043e-07
2208,5353,0,0.85418,0.062106,-6.0474e-07
309,5128,0,0.58515,0.14745,-3.6602e-08
2039,5355,0,0.82111,0.069281,5.8428e-08
1317,5352,0,0.70631,0.10569,3.8371e-07
1565,5351,0,0.73512,0.099448,-7.6991e-08
1663,5354,0,0.75558,0.091572,-2.0966e-07
1683,5341,0,0.76142,0.076894,1.0709e-07
1898,5356,0,0.79809,0.072403,-1.6564e-07
1726,5359,0,0.76694,0.08323,-7.6043e-08
1624,5358,0,0.74929,0.088627,-1.1552e-07
1826,5328,0,0.78338,0.074368,-1.4593e-07
1247,5361,0,0.69655,0.10827,2.2615e-08
1473,5343,0,0.72863,0.08644,-7.7269e-08
1000,5364,0,0.66819,0.11379,-1.5033e-07
969,5363,0,0.66575,0.11799,-1.0612e-07
1141,5365,0,0.68598,0.10976,-4.715e-07
928,5370,0,0.66068,0.11341,-1.7407e-07
1264,5366,0,0.70049,0.092924,-1.0421e-07
1063,5371,0,0.67847,0.10532,1.8414e-07
960,5372,0,0.66728,0.10918,-8.3745e-08
1163,5367,0,0.68802,0.098864,2.5676e-08
765,5329,0,0.64557,0.088659,3.1338e-08
959,5374,0,0.66494,0.109,6.9529e-07
859,5375,0,0.65431,0.11569,1.7886e-07
752,5369,0,0.64045,0.11529,5.8194e-07
1124,5368,0,0.68406,0.0958,-1.9036e-07
815,5373,0,0.65023,0.10648,1.7988e-07
981,5362,0,0.66981,0.095739,1.8286e-07
652,5377,0,0.62968,0.12402,4.5923e-08
686,5378,0,0.6344,0.12261,-3.851e-07
748,5379,0,0.64145,0.11108,1.193e-07
840,5360,0,0.65424,0.096262,-2.4134e-07
412,5384,0,0.59869,0.14006,-1.4714e-07
715,5386,0,0.63756,0.11353,-3.4902e-07
555,5332,0,0.62146,0.089253,-1.3549e-08
712,5383,0,0.63527,0.11047,1.0494e-07
814,5381,0,0.65008,0.10499,6.5515e-09
544,5393,0,0.61706,0.12282,4.93e-07
541,5388,0,0.61485,0.11925,4.3264e-08
595,5382,0,0.62549,0.096447,-1.607e-07
503,5392,0,0.61146,0.11499,-1.6141e-07
267,5391,0,0.58182,0.13629,1.6073e-08
267,5387,0,0.58165,0.13656,-6.9174e-07
427,5395,0,0.60399,0.10708,3.512e-08
360,5396,0,0.59688,0.11244,-1.6335e-07
360,5397,0,0.59596,0.11293,3.559e-08
393,5394,0,0.59899,0.10942,-3.2692e-08
422,5385,0,0.60379,0.099656,-3.5525e-07
46,5346,0,0.5515,0.14733,-1.604e-06
256,5403,0,0.58414,0.11635,-3.1357e-07
25,5334,0,0.55067,0.15057,-8.9034e-07
192,5404,0,0.57549,0.12827,-7.4193e-08
158,5405,0,0.57237,0.12935,-3.1878e-08
189,5412,0,0.57652,0.12217,-8.6316e-08
126,5401,0,0.56495,0.13636,-2.232e-07
70,5400,0,0.5569,0.14632,4.7932e-07
284,5389,0,0.5889,0.10507,-4.4525e-07
187,5406,0,0.57331,0.12021,7.0653e-07
68,5402,0,0.55554,0.1437,-7.5083e-08
151,5408,0,0.56817,0.11872,8.0198e-09
210,5398,0,0.57856,0.09872,-5.6855e-07
112,5407,0,0.56507,0.11172,2.9539e-07
77,5409,0,0.56384,0.11148,-1.4944e-07
37,5410,0,0.55404,0.13124,-7.1975e-07
36,5413,0,0.55382,0.1278,-6.1978e-08
143,5411,0,0.5708,0.10386,2.4811e-07
2695,5323,0,1.0217,0.042193,2.0665e-07
2658,5357,0,0.53387,0.15364,-2.5858e-08
1995,5376,0,0.45192,0.089117,-1.2235e-07
2619,5380,0,0.53121,0.14655,4.3998e-08
2478,5390,0,0.51214,0.14726,-2.0735e-07
2653,5399,0,0.53428,0.14441,8.6109e-07
2663,5414,0,0.53774,0.094629,-2.3521e-07
2682,5415,0,0.54182,0.13176,-8.2262e-07
2683,5416,0,0.54044,0.13454,-3.0348e-07
2577,5417,0,0.52745,0.13381,3.9906e-07
2731,5418,0,0.54675,0.11304,1.2739e-07
2668,5419,0,0.54183,0.10563,6.2445e-08
2639,5420,0,0.5331,0.11753,-2.1481e-07
2545,5421,0,0.52014,0.1404,3.5815e-08
2312,5422,0,0.49138,0.094082,-2.0136e-07
2646,5423,0,0.53276,0.13154,-2.9892e-07
2543,5424,0,0.51895,0.13718,-1.9601e-07
2524,5425,0,0.52005,0.097999,1.2035e-07
2637,5426,0,0.53343,0.11299,-1.5534e-07
2500,5427,0,0.51793,0.12104,-9.6448e-07
2526,5428,0,0.52126,0.10256,-1.1042e-07
2511,5429,0,0.51706,0.14275,-1.1154e-06
2418,5430,0,0.50786,0.096419,7.1974e-07
2500,5431,0,0.51558,0.12079,-6.9646e-08
2436,5432,0,0.50553,0.13426,-4.9131e-07
2397,5433,0,0.50206,0.12658,6.2346e-07
2367,5434,0,0.49648,0.13712,-1.3985e-07
2285,5435,0,0.48742,0.11191,7.3191e-07
2280,5436,0,0.48791,0.099638,9.2917e-07
2388,5437,0,0.50171,0.10596,-9.707e-08
2367,5438,0,0.49603,0.13614,-4.9825e-07
2426,5439,0,0.50494,0.11284,-6.4032e-08
2296,5440,0,0.4894,0.13614,-1.4454e-07
2291,5441,0,0.48652,0.12415,8.7262e-08
2289,5442,0,0.48644,0.12103,1.951e-07
2208,5443,0,0.4787,0.095629,7.7605e-08
2322,5444,0,0.49109,0.11601,4.7849e-07
2175,5445,0,0.47289,0.10077,4.7281e-07
2258,5446,0,0.48087,0.12795,5.0858e-07
2252,5447,0,0.48136,0.11674,2.0907e-07
2178,5448,0,0.47244,0.10735,-4.8191e-07
2147,5449,0,0.46675,0.11568,-2.0646e-07
2118,5450,0,0.46587,0.12799,-5.2359e-08
2107,5451,0,0.46567,0.10395,-6.744e-08
2052,5452,0,0.45357,0.13642,1.3081e-08
1892,5453,0,0.43588,0.093646,-4.7631e-08
2076,5454,0,0.45882,0.11232,1.9547e-07
2012,5455,0,0.44991,0.12533,1.8568e-07
2040,5456,0,0.45401,0.11098,4.1291e-08
2042,5457,0,0.45283,0.11393,-1.8788e-08
2002,5458,0,0.4489,0.1041,-6.3631e-08
1969,5459,0,0.44573,0.10717,-4.1621e-08
1949,5460,0,0.43948,0.13692,5.4343e-08
1941,5461,0,0.43918,0.12242,-3.081e-07
1880,5462,0,0.43291,0.1377,1.4367e-07
1812,5463,0,0.42134,0.13908,-2.2456e-07
1787,5464,0,0.4218,0.092514,3.3326e-07
1470,5465,0,0.37854,0.089359,-2.5542e-07
1828,5466,0,0.42651,0.10396,-1.1407e-07
1798,5467,0,0.42271,0.11235,-4.3871e-07
1756,5468,0,0.41667,0.10042,-3.2554e-08
1775,5469,0,0.41599,0.13333,1.1141e-07
1802,5470,0,0.4218,0.12073,1.097e-07
1731,5471,0,0.41129,0.11641,9.5241e-08
1696,5472,0,0.40861,0.11648,4.7706e-07
1663,5473,0,0.40551,0.11835,-4.198e-07
1668,5474,0,0.40329,0.12625,-2.3671e-07
1621,5475,0,0.39937,0.10664,4.0935e-08
1604,5476,0,0.39388,0.13355,-1.0322e-07
1585,5477,0,0.39243,0.1043,9.5532e-08
1553,5478,0,0.38934,0.10954,9.342e-09
1528,5479,0,0.3865,0.12283,-1.0009e-07
1223,5480,0,0.34113,0.12979,-2.4813e-07
1492,5481,0,0.37978,0.12034,3.999e-07
1451,5482,0,0.37654,0.11214,-4.1731e-10
1428,5483,0,0.3735,0.1284,-3.1274e-08
1369,5484,0,0.36707,0.094784,3.6534e-07
1225,5485,0,0.3476,0.089699,1.4167e-07
1348,5486,0,0.36173,0.11259,2.6894e-10
1317,5487,0,0.35855,0.11758,1.3949e-10
1310,5488,0,0.35497,0.10815,1.617e-10
1300,5489,0,0.35474,0.094984,-1.0605e-07
1233,5490,0,0.34729,0.099031,-5.2311e-10
1048,5491,0,0.32017,0.12744,-2.176e-07
1183,5492,0,0.33687,0.12351,-1.3578e-07
1051,5493,0,0.32328,0.089863,-7.3773e-08
1143,5494,0,0.33264,0.11718,5.4452e-10
1105,5495,0,0.32872,0.11326,6.0997e-10
1072,5496,0,0.32447,0.11501,-4.2377e-10
1025,5497,0,0.32,0.10035,-5.3103e-11
978,5498,0,0.30948,0.12764,-1.3142e-07
1006,5499,0,0.31236,0.11894,-4.1113e-10
911,5500,0,0.30196,0.089691,1.0058e-07
936,5501,0,0.30462,0.11916,4.6461e-12
879,5502,0,0.30044,0.093204,-1.9006e-07
866,5503,0,0.29701,0.11933,2.8593e-11
856,5504,0,0.29358,0.1076,5.5161e-10
809,5505,0,0.28904,0.093695,1.8308e-07
559,5506,0,0.25163,0.12902,-2.0467e-07
664,5507,0,0.26403,0.1286,2.3483e-07
707,5508,0,0.27708,0.097322,-2.3022e-10
667,5509,0,0.27212,0.090864,2.8755e-07
693,5510,0,0.26897,0.12182,-8.7859e-07
651,5511,0,0.26504,0.11315,-1.6295e-10
628,5512,0,0.26029,0.12679,1.1283e-07
571,5513,0,0.25658,0.10146,-1.4133e-10
553,5514,0,0.25266,0.1212,-6.2276e-08
513,5515,0,0.24776,0.11602,2.7105e-20
475,5516,0,0.24346,0.11178,-9.7449e-10
445,5517,0,0.23872,0.11801,1.8789e-10
400,5518,0,0.23382,0.10648,-1.7838e-10
354,5519,0,0.22899,0.09355,-1.6384e-07
346,5520,0,0.22392,0.12505,-4.5864e-09
283,5521,0,0.21789,0.093012,5.5e-08
234,5522,0,0.21105,0.1173,-4.6317e-10
175,5523,0,0.20438,0.089416,9.2512e-08
135,5524,0,0.19658,0.12438,1.511e-10
70,5525,0,0.1875,0.089582,5.0831e-09
2513,4909,1,4.4496,0.090184,-1.3492e-07
2512,4853,1,4.4942,0.089386,1.9468e-06
776,4845,1,4.4073,0.10806,-2.5138e-07
323,4941,1,4.6189,0.12702,-2.1218e-07
1948,4918,1,4.3649,0.06254,3.8515e-07
1946,4954,1,4.5071,0.060818,2.8544e-07
1947,4966,1,4.4053,0.062535,-7.2134e-07
1166,4956,0,4.3688,0.019315,5.0805e-07
893,4979,0,4.473,5.2989e-05,-1.1253e-07
2354,4977,1,4.4026,0.082247,3.452e-08
1748,4996,1,4.1788,0.05255,-3.5941e-07
775,4995,1,4.391,0.10654,2.1932e-07
2304,4993,1,4.2278,0.080004,1.1078e-06
1046,4998,0,4.4719,0.010446,-8.3865e-07
1086,5003,0,4.3285,0.01394,1.0807e-07
2462,4991,1,4.2086,0.086305,-3.5896e-06
1418,4896,0,4.291,0.032679,-1.3853e-06
1048,5007,0,4.3019,0.010547,-2.7803e-07
894,4951,0,4.3458,0.0011348,-1.1187e-07
1288,4989,0,4.4473,0.025605,-7.7944e-07
1247,4983,0,4.4331,0.024641,-3.5764e-08
1897,5002,1,4.3539,0.059068,-1.7676e-06
1128,5012,0,4.2504,0.01535,-4.3961e-07
893,5009,0,4.4308,0.0016227,-4.2307e-07
1289,5004,0,4.3762,0.026326,-2.0935e-07
2151,5005,1,4.1405,0.073116,3.7502e-07
1464,4865,0,4.1659,0.036778,2.9803e-07
2353,4961,1,4.4472,0.082938,-8.9121e-07
1652,4994,0,4.0071,0.045586,-1.668e-06
1009,4997,0,4.3223,0.0076721,2.7645e-07
2254,5010,1,4.1082,0.078297,3.5141e-07
1087,5011,0,4.259,0.013996,5.242e-07
933,5020,0,4.2765,0.0025597,3.182e-08
1166,4985,0,4.3407,0.019399,8.9022e-08
1649,5001,0,4.2172,0.047404,-1.6377e-06
1253,5018,0,4.0342,0.023962,-5.2988e-07
894,5008,0,4.3296,0.00054278,6.0123e-08
1009,5019,0,4.2677,0.0080215,2.2526e-07
1208,5014,0,4.2981,0.021447,1.7901e-07
1089,4928,0,4.1167,0.012894,-1.2995e-06
1697,5031,0,4.1975,0.049782,-2.3022e-06
935,4965,0,4.1235,0.004221,8.712e-08
2466,5038,1,3.9211,0.088237,-2.0882e-06
1554,5022,0,4.1866,0.042545,2.6479e-07
934,5029,0,4.2395,0.0034962,1.5121e-08
896,5023,0,4.2431,0.0021694,2.3936e-08
1169,5035,0,4.1485,0.018337,-2.8833e-07
2358,5026,1,4.0755,0.083431,2.5485e-07
2101,5028,1,4.113,0.069074,4.2672e-06
897,5025,0,4.1715,0.0014308,1.7989e-07
900,5037,0,3.9233,0.00011622,9.2495e-07
2361,5042,1,3.9016,0.083447,-2.4922e-06
899,5032,0,4.0256,0.00093277,7.7389e-07
1014,5024,0,3.9321,0.0093984,5.0868e-09
1559,5055,0,3.881,0.041102,1.0874e-06
1748,5034,1,4.1223,0.052523,-2.9494e-07
1701,5046,0,3.9444,0.049118,-7.8187e-08
2005,5043,1,3.8974,0.064236,-2.7543e-07
2155,5040,1,3.887,0.072988,-1.0734e-06
898,5041,0,4.0755,0.0012788,-5.2974e-07
1560,5050,0,3.8213,0.04051,-4.0992e-07
1379,5047,0,3.972,0.031602,2.1361e-06
1091,5033,0,3.9845,0.012314,-7.2469e-07
1256,4888,0,3.8323,0.024447,4.0461e-08
595,5060,1,3.5561,0.11538,-2.2452e-06
937,5021,0,4.0203,0.0047479,5.6041e-07
1216,5036,0,3.7739,0.020378,-4.6561e-08
1339,5057,0,3.7881,0.028215,1.5575e-06
1801,5030,1,3.9604,0.053139,-1.6126e-06
898,5039,0,4.0861,0.0001134,5.3466e-08
1132,5049,0,3.9598,0.014815,3.7813e-09
901,5016,0,3.8484,0.001086,1.1946e-07
900,5027,0,3.9609,0.0024216,8.7835e-07
1562,4945,0,3.6866,0.041195,5.1459e-08
1131,5044,0,4.024,0.015137,-6.8826e-07
1216,5064,0,3.7698,0.01985,6.4492e-07
1211,5054,0,4.0849,0.021765,2.7616e-07
1854,5052,1,3.8093,0.056793,-4.8549e-07
1380,5061,0,3.8805,0.032025,1.9157e-06
1806,4999,0,3.6399,0.054032,3.9655e-08
2061,5056,1,3.4965,0.065848,4.3588e-09
1056,5065,0,3.7719,0.010809,-9.325e-07
900,5059,0,3.9412,0.0012751,-2.9355e-07
1136,5063,0,3.6743,0.014739,9.431e-07
1172,5058,0,3.9084,0.018345,-2.9558e-07
1705,5069,0,3.6569,0.049056,-4.3848e-07
2061,5080,1,3.5026,0.067209,4.3186e-07
1134,5067,0,3.8184,0.014713,7.2629e-07
1016,5017,0,3.7801,0.0076894,2.4192e-07
1096,5068,0,3.6896,0.013896,2.0266e-07
1759,5082,0,3.4405,0.052149,1.7093e-07
1383,5076,0,3.6692,0.030223,-2.9001e-07
1711,5053,1,3.3364,0.050236,1.1442e-06
902,5070,0,3.8177,0.00077552,2.1992e-07
1136,5087,0,3.6718,0.015599,-2.7965e-06
1095,5072,0,3.7485,0.014045,1.1984e-06
1301,5086,0,3.583,0.02717,8.0279e-07
1301,5075,0,3.5807,0.027123,1.6614e-06
981,4988,0,3.6379,0.0052546,-2.2629e-07
2114,5091,1,3.3376,0.069367,-2.5562e-07
2218,5051,1,3.1687,0.075777,-1.2039e-06
1964,5074,1,3.3267,0.062226,-6.757e-07
1711,5093,0,3.3594,0.048288,1.8915e-06
1258,5066,0,3.6995,0.02273,-6.2671e-08
941,5077,0,3.7178,0.0046803,-2.3817e-07
942,5013,0,3.7092,0.002792,6.6836e-08
1300,5090,0,3.5964,0.025387,-1.4204e-07
1614,5048,0,3.3757,0.044536,1.2199e-06
1476,5081,0,3.3629,0.035127,-1.886e-07
1385,5062,0,3.5747,0.03041,-8.7514e-07
585,5015,0,3.013,0.11508,1.3051e-06
1302,5098,0,3.4932,0.027389,-1.7447e-06
1137,5089,0,3.6146,0.015122,1.8198e-06
1965,5094,1,3.2529,0.060688,2.2151e-06
1264,5099,0,3.3078,0.02352,-4.3252e-06
1520,5102,0,3.3848,0.039276,5.0743e-06
944,5095,0,3.5843,0.0037704,-5.2434e-07
1433,5106,0,3.345,0.03485,-1.2568e-06
1571,5085,0,3.1666,0.041857,-1.3262e-06
1219,5097,0,3.5442,0.021881,-1.1764e-06
1221,4992,0,3.4464,0.021351,1.3077e-06
1305,5006,0,3.3433,0.025632,5.8574e-06
1265,5122,0,3.2654,0.023294,-5.8738e-08
949,5108,0,3.2576,0.002729,-2.2042e-07
906,5079,0,3.561,7.8573e-06,-4.7674e-09
2270,5117,1,3.1123,0.077979,1.168e-06
1968,5096,1,3.137,0.062576,-4.1325e-06
983,5092,0,3.4957,0.0049506,-2.7379e-07
1104,5114,0,3.2396,0.012817,-8.4117e-08
1348,5104,0,3.3028,0.027944,9.8446e-07
1477,5101,0,3.3465,0.036839,7.3193e-08
1263,5112,0,3.4027,0.022596,3.8514e-07
1391,5125,0,3.2395,0.030835,-3.9062e-07
1762,5045,0,3.2517,0.05164,1.474e-06
1141,5111,0,3.3748,0.015028,1.317e-07
909,5119,0,3.3942,0.00028441,-3.5316e-08
1348,5124,0,3.2637,0.028818,2.6619e-07
1142,5109,0,3.3374,0.016749,-5.44e-07
1479,5120,0,3.2435,0.035539,-1.7234e-06
1919,5083,1,3.0085,0.058753,-2.8151e-06
1864,5113,0,3.2074,0.057565,-4.6735e-06
1146,5141,0,3.1099,0.016527,-1.9522e-06
1064,5126,0,3.2713,0.0098775,-2.0458e-07
1308,5136,0,3.1486,0.025139,2.6552e-07
1527,5134,0,3.043,0.037831,1.6976e-06
1574,5138,0,3.044,0.041617,1.9375e-07
1102,5115,0,3.3385,0.012254,-5.1661e-07
949,5118,0,3.293,0.0029162,1.4866e-06
1973,5148,1,2.902,0.062076,-8.106e-07
1351,5145,0,3.1282,0.027495,-5.6476e-07
1348,5116,0,3.254,0.028467,-4.5102e-07
2074,5103,1,2.8241,0.068083,-1.0805e-06
1621,5129,0,3.045,0.042848,-3.7396e-06
1145,5137,0,3.1591,0.016478,1.7463e-06
1528,5144,0,2.9844,0.039262,-3.5994e-07
1669,5132,0,3.0208,0.046807,-4.3373e-06
912,5133,0,3.236,0.0019882,-3.2245e-07
1065,5131,0,3.2086,0.010639,1.7109e-06
1578,5143,0,2.8374,0.041599,4.4678e-07
1270,5153,0,3.0396,0.02307,4.3806e-07
1309,5140,0,3.1004,0.026049,-3.6526e-08
1353,5150,0,3.0136,0.029765,4.5206e-07
1358,5088,0,2.786,0.02975,3.5593e-07
1107,5142,0,3.0769,0.012689,1.2229e-06
1577,5162,0,2.8634,0.040656,-5.7237e-07
2330,5110,1,2.758,0.080812,-5.5336e-07
2279,5073,1,2.7091,0.078302,1.2056e-06
913,5130,0,3.1502,0.0016283,7.8925e-07
1311,5121,0,3.0339,0.025954,-1.6786e-06
1106,5123,0,3.1418,0.014231,1.0372e-07
1030,5149,0,3.0264,0.0092616,5.1223e-07
1627,5127,0,2.7316,0.043873,1.4879e-07
1976,5151,0,2.7275,0.062719,-3.3595e-06
1400,5168,0,2.7965,0.031906,4.9527e-06
1355,5155,0,2.9316,0.027992,2.2147e-07
1395,5154,0,3.0152,0.031617,-1.8891e-06
1625,5159,0,2.8437,0.043549,-6.7296e-07
1440,5156,0,2.9866,0.033255,-6.6553e-07
1443,5166,0,2.8442,0.033725,2.5072e-08
1535,5157,0,2.6448,0.038826,4.578e-07
1357,5172,0,2.8289,0.029656,-2.0861e-07
1529,5147,0,2.9458,0.038264,-6.3951e-07
1356,5071,0,2.8789,0.028056,-1.837e-07
1442,5163,0,2.8599,0.035039,-8.1611e-07
1030,5107,0,3.0011,0.0083657,2.3354e-06
1231,5135,0,2.9363,0.021971,4.5659e-07
1488,5173,0,2.7749,0.035117,-3.9995e-07
1316,5170,0,2.7825,0.026892,-6.8368e-07
1776,5139,0,2.609,0.052119,4.9164e-07
1445,5177,0,2.7648,0.03391,4.6348e-06
1676,5178,0,2.712,0.047247,4.3554e-07
1319,5182,0,2.6813,0.025595,1.8748e-06
958,5160,0,2.8217,0.0040856,-1.7184e-06
1448,5180,0,2.6383,0.033595,-2.859e-07
1316,5171,0,2.7726,0.025051,-1.7906e-06
1275,5176,0,2.7723,0.024544,2.1766e-07
1634,5193,0,2.4559,0.044362,-2.103e-07
1235,5175,0,2.7422,0.01981,-6.988e-08
1447,5191,0,2.6571,0.033843,-1.4148e-06
1408,5183,0,2.4782,0.030466,1.002e-06
1154,5169,0,2.7305,0.015991,-2.0382e-06
1322,5189,0,2.5596,0.026786,4.1867e-07
2185,5196,1,2.3933,0.071014,7.7307e-07
1282,5187,0,2.5091,0.024107,-2.0165e-06
1196,5188,0,2.6594,0.017274,-1.1509e-06
2037,5164,0,2.335,0.06514,8.0163e-07
1280,5161,0,2.5702,0.022459,-5.1015e-07
1685,5210,0,2.352,0.046982,7.2662e-08
1733,5184,0,2.3442,0.04792,-8.9803e-08
1452,5204,0,2.4645,0.034256,-2.75e-07
1543,5212,0,2.3628,0.03783,8.8798e-07
1324,5186,0,2.452,0.027271,-1.1843e-06
1324,5202,0,2.445,0.027194,-3.8067e-07
1410,5213,0,2.3755,0.031912,3.6677e-06
1990,5201,0,2.2186,0.061464,1.4634e-06
1242,5194,0,2.4634,0.020934,8.5695e-07
1737,5221,0,2.201,0.048006,4.2154e-07
1243,5197,0,2.4172,0.021469,2.6845e-07
1369,5211,0,2.3432,0.028503,2.5161e-07
1414,5220,0,2.2667,0.031568,-3.7705e-07
1328,5195,0,2.323,0.025897,1.1502e-07
1286,5199,0,2.3694,0.023216,2.0013e-07
2196,4974,1,4.6199,0.075942,1.3394e-07
1083,5207,0,2.4232,0.011252,8.2454e-07
1503,5233,0,2.214,0.037524,-2.5433e-06
1692,5167,0,2.1139,0.047184,8.8856e-09
1330,5217,0,2.2553,0.026619,1.0598e-07
2045,5223,0,2.0595,0.063944,2.6525e-07
1460,5234,0,2.1714,0.032749,-1.6275e-06
892,5198,0,2.2323,0.012011,6.2391e-08
1203,5216,0,2.2978,0.022672,5.4574e-08
1142,5218,0,2.2641,0.021599,-1.7668e-06
1205,5232,0,2.2122,0.022676,2.0812e-07
1265,5209,0,2.2257,0.026266,2.0805e-07
1083,5225,0,2.1677,0.017385,-1.8707e-07
1266,5228,0,2.172,0.026879,4.6275e-08
1327,5219,0,2.1471,0.029544,1.9738e-06
1443,5229,0,2.1438,0.033631,4.8489e-07
1268,5240,0,2.1248,0.02667,7.0551e-07
1504,5146,0,2.0618,0.035779,1.1256e-06
1025,5215,0,2.0245,0.016608,-6.7005e-08
1329,5100,0,2.0785,0.029549,9.3927e-08
1149,5237,0,2.0296,0.020923,1.6723e-07
1446,5231,0,2.0697,0.034951,-1.1351e-06
1389,5241,0,2.0325,0.030312,-1.8552e-07
1331,5243,0,2.0265,0.028603,1.7518e-07
1505,5238,0,2.0365,0.035174,2.7953e-10
1271,5245,0,2.0217,0.025838,3.0704e-08
1091,5227,0,1.9261,0.018432,6.0941e-07
1271,5242,0,2.0196,0.026859,-1.6733e-07
1088,5244,0,1.9904,0.018386,5.3454e-08
1151,5230,0,1.9651,0.021051,-1.7392e-07
1028,5165,0,1.9414,0.016026,-7.1146e-07
708,5222,0,1.8733,0.0024251,-4.4447e-07
1563,5208,0,1.9509,0.03984,-2.5536e-07
1274,5239,0,1.9578,0.026441,-8.8493e-08
1214,5084,0,1.9364,0.022737,-3.1431e-07
1152,5248,0,1.9428,0.020307,2.6956e-07
1618,5249,0,1.9503,0.04149,7.8592e-08
1673,5252,0,1.9331,0.045055,4.6149e-08
1618,5247,0,1.9369,0.040659,-5.2088e-07
1276,5251,0,1.9018,0.026728,3.3812e-08
1729,5179,0,1.8803,0.04633,5.4783e-07
1452,5255,0,1.8902,0.034699,9.7207e-07
1676,5200,0,1.8757,0.044021,1.732e-07
1565,5205,0,1.891,0.038865,-1.9307e-06
1337,5250,0,1.8732,0.028309,9.6719e-08
1277,5260,0,1.8738,0.025832,-8.8661e-09
1396,5265,0,1.8515,0.030318,-2.8896e-08
1338,5261,0,1.8515,0.02956,1.0002e-06
1278,5254,0,1.8326,0.025716,-1.3715e-07
1622,5253,0,1.8348,0.041693,-1.3712e-07
1623,5190,0,1.8247,0.041812,4.981e-07
1943,5158,0,1.7494,0.056064,-4.4588e-07
1455,5258,0,1.8062,0.034417,1.114e-08
1733,5226,0,1.795,0.047697,-2.1743e-07
1678,5246,0,1.8106,0.045004,2.7168e-07
1161,5263,0,1.726,0.020395,-2.3239e-07
1342,5267,0,1.7542,0.029178,7.0766e-08
1458,5268,0,1.752,0.034878,1.6599e-09
1223,5266,0,1.7202,0.024512,4.525e-07
1459,5270,0,1.7209,0.033294,6.5615e-07
1040,5271,0,1.659,0.017158,1.1491e-06
1345,5264,0,1.6755,0.028752,8.0887e-07
1793,5105,0,1.6313,0.048609,-1.802e-06
1463,5275,0,1.6279,0.033763,-1.0261e-08
1166,5192,0,1.6078,0.020254,-7.8387e-07
1576,5257,0,1.6252,0.038767,4.9371e-07
1229,5262,0,1.5994,0.024341,4.3561e-07
1167,5272,0,1.5816,0.019916,4.3662e-07
1633,5276,0,1.5996,0.040816,-1.2273e-08
1742,5259,0,1.5942,0.045571,-1.2565e-06
1900,5181,0,1.5794,0.055247,3.1423e-07
1899,5224,0,1.5898,0.053387,-9.3451e-07
1290,5281,0,1.5754,0.025177,-2.0756e-06
1291,5290,0,1.5541,0.026394,3.1009e-07
1231,5279,0,1.5412,0.024,5.5942e-07
1745,5274,0,1.5408,0.047644,-6.9999e-07
1468,5282,0,1.5396,0.034213,4.0252e-07
1527,5292,0,1.5103,0.03725,-7.7264e-08
1527,5284,0,1.5072,0.035971,2.5788e-07
1746,5256,0,1.5085,0.047092,-3.8034e-08
1583,5273,0,1.5002,0.037874,-2.5945e-07
1747,5285,0,1.4943,0.045659,1.1447e-06
1905,5152,0,1.4765,0.05517,-1.0051e-06
1472,5294,0,1.4631,0.034673,-1.3745e-08
1114,5293,0,1.4284,0.018429,-1.3638e-07
1803,5236,0,1.4423,0.048106,1.8461e-07
1696,5296,0,1.4366,0.044413,6.3614e-08
1359,5300,0,1.4091,0.027442,-1.835e-07
1417,5214,0,1.4094,0.031616,6.4129e-07
1534,5305,0,1.3901,0.035546,-1.5002e-06
1241,5298,0,1.376,0.023396,-5.566e-09
1589,5288,0,1.3816,0.039036,-9.8693e-08
1589,5297,0,1.384,0.039461,2.0161e-07
1362,5286,0,1.3577,0.028732,9.9948e-07
1478,5308,0,1.35,0.032753,3.5985e-07
1421,5301,0,1.3467,0.031793,7.1717e-07
1059,5287,0,1.315,0.01514,-1.1233e-06
1480,5304,0,1.3334,0.033061,1.8403e-07
1809,5289,0,1.3455,0.049034,-2.9826e-07
1364,5313,0,1.3261,0.029504,3.5012e-07
1122,5299,0,1.2906,0.018986,-8.5582e-07
1540,5302,0,1.2895,0.035666,4.1787e-07
1247,5310,0,1.2786,0.024188,2.1244e-08
1599,5315,0,1.2408,0.037894,-7.4044e-07
1251,5311,0,1.2238,0.02303,-4.4721e-07
1710,5295,0,1.2288,0.042816,-3.5935e-07
1601,5316,0,1.2186,0.039364,1.6247e-07
1373,5320,0,1.2019,0.027941,-1.1131e-07
1657,5312,0,1.2034,0.042224,-5.7377e-08
1314,5078,0,1.1946,0.02631,-1.2358e-07
1713,5306,0,1.1879,0.04289,-2.5081e-07
1606,5319,0,1.1581,0.038516,4.6411e-07
1197,5322,0,1.131,0.021722,6.3442e-08
1717,5314,0,1.1374,0.044761,-8.1632e-08
1772,5291,0,1.1289,0.046964,4.6259e-07
1439,5203,0,1.106,0.030375,-8.3105e-08
1440,5327,0,1.1001,0.03074,-4.5328e-07
1826,5185,0,1.1191,0.049368,-2.9486e-07
1322,5324,0,1.0983,0.025381,-7.5374e-07
1138,5318,0,1.0928,0.019358,-2.6779e-07
1204,5206,0,2.2638,0.024611,-1.5176e-07
295,3201,1,15.834,0.21375,-9.5266e-08
1826,3192,1,15.91,0.15284,1.006e-06
1955,3377,1,15.402,0.14784,3.5578e-07
469,3394,1,15.247,0.20549,7.765e-07
650,3393,1,15.101,0.19795,1.003e-07
1287,3467,1,14.904,0.17345,1.1526e-06
1686,3452,1,15.244,0.15701,3.4967e-08
1027,3505,1,14.933,0.18369,-2.666e-07
835,3329,1,14.803,0.18942,1.5459e-07
650,3316,1,15.168,0.19735,-2.9364e-07
1945,3547,1,14.445,0.14883,6.8923e-09
705,3525,1,14.41,0.19453,2.4961e-07
2445,3538,1,14.199,0.12764,5.2083e-07
956,3484,1,14.23,0.18608,-4.2487e-07
2588,3656,1,14.07,0.11895,6.3867e-07
1608,3545,1,14.007,0.16091,-6.3693e-08
890,3401,1,14.062,0.1873,-3.0929e-09
1871,3557,1,13.73,0.15034,6.2228e-07
1271,3694,1,13.374,0.17366,-2.2021e-07
2771,3414,1,15.362,0.094659,-2.8545e-07
887,3632,1,13.772,0.18726,2.1508e-08
946,3627,1,13.236,0.18616,-1.4862e-06
2070,3612,1,13.357,0.14387,-8.781e-07
2207,3673,1,13.473,0.13869,2.0744e-07
1676,3626,1,14.25,0.15794,2.2079e-07
2513,3693,1,13.339,0.12252,6.9755e-07
1937,3625,1,13.629,0.14657,6.508e-07
691,3678,1,13.009,0.19645,-1.7752e-07
1088,3572,1,14.583,0.18143,1.8693e-07
1098,3371,1,15.551,0.18146,1.2087e-07
1006,3800,1,12.845,0.18348,-9.2506e-08
589,3406,1,15.133,0.20029,-2.694e-08
562,3756,1,12.414,0.1998,4.2665e-07
1806,3679,1,13.953,0.15188,-1.8406e-07
692,3690,1,13.108,0.19529,6.949e-08
381,3839,1,12.489,0.20661,-4.9117e-07
87,3733,1,12.967,0.21988,-1.1333e-06
1858,3816,1,12.425,0.1514,4.9188e-07
1594,3851,1,12.627,0.15934,-1.249e-08
2211,3697,1,13.8,0.13681,2.3853e-07
1857,3888,1,12.38,0.14945,-4.0443e-07
54,3465,1,15.585,0.22174,2.7157e-06
1665,3701,1,13.161,0.15876,5.3844e-07
2018,3514,1,14.908,0.14498,2.009e-07
102,3506,1,14.423,0.22121,-5.897e-07
2756,3415,1,15.167,0.10368,-7.4507e-07
626,3727,1,12.783,0.19773,1.3243e-07
2330,3846,1,12.117,0.13373,-1.9881e-09
2667,3332,1,15.731,0.11362,-3.7803e-08
1546,3552,1,14.42,0.16223,1.4644e-06
503,3741,1,12.678,0.20183,-3.4367e-06
1065,3838,1,12.29,0.17906,-5.3917e-07
1209,3635,1,13.66,0.175,2.9906e-07
2660,3441,1,15.002,0.11159,7.9206e-08
2417,3402,1,15.507,0.13041,6.8523e-07
1390,3785,1,12.015,0.16792,-3.1348e-08
496,3871,1,11.934,0.20271,6.425e-07
2259,3788,1,11.895,0.13549,4.3509e-08
2637,3348,1,15.827,0.11594,9.5565e-09
1584,3900,1,11.646,0.16034,-2.5631e-07
1522,3903,1,12.098,0.16216,9.3264e-08
99,3400,1,14.176,0.22094,9.0987e-08
613,3865,1,11.413,0.19657,2.978e-06
1189,3921,1,11.64,0.17628,-7.3945e-08
2052,4036,1,11.562,0.14174,5.1497e-07
1361,3328,1,15.768,0.16963,-1.0325e-07
137,3829,1,12.067,0.21812,-1.6639e-08
2664,3423,1,15.484,0.11162,3.1136e-08
2414,3357,1,15.225,0.12912,9.7944e-08
2159,3469,1,15.432,0.13985,-4.4514e-07
1983,3886,1,11.45,0.14651,3.2913e-06
704,3592,1,14.333,0.19588,1.9947e-06
581,3574,1,14.355,0.19963,6.2514e-07
2597,3413,1,14.924,0.11834,3.017e-07
317,3966,1,12.095,0.21078,-9.4054e-07
18,3946,1,11.985,0.22188,1.8735e-06
901,3519,1,15.136,0.18664,7.3904e-07
1619,3472,1,15.157,0.16039,-4.1772e-07
1916,4009,1,11.511,0.14652,-1.8348e-07
2531,3479,1,15.151,0.123,-8.9904e-07
674,4019,1,11.371,0.19492,-5.4008e-07
801,3857,1,11.43,0.19071,-7.1392e-07
1874,3605,1,14.027,0.1495,1.2497e-06
1683,3562,1,14.984,0.15894,-8.6872e-07
176,3372,1,15.906,0.21658,5.1024e-09
1864,3801,1,13.034,0.15057,-5.8287e-08
429,4012,1,11.212,0.20425,-1.0054e-06
2557,3566,1,14.234,0.1193,-5.5039e-08
2420,3355,1,15.82,0.12956,2.3109e-07
1118,4064,1,11.073,0.17859,1.4483e-06
1864,3720,1,13.098,0.15151,8.0432e-08
203,3689,1,12.62,0.21485,-8.3558e-07
1794,3870,1,12.707,0.15248,-2.8061e-08
1869,3638,1,13.512,0.14921,5.6815e-07
696,3750,1,13.593,0.19514,-1.1747e-06
2083,3594,1,14.623,0.14299,-1.049e-06
2500,3325,1,15.792,0.12569,-5.2843e-07
2623,3580,1,14.492,0.11587,-1.1946e-08
669,4113,1,10.884,0.19499,9.2473e-07
1184,4037,1,11.142,0.17614,-7.1943e-07
1603,3745,1,13.576,0.1598,1.8823e-06
2406,3576,1,14.447,0.13126,1.2812e-06
2490,3340,1,14.773,0.12599,2.3492e-07
1215,3651,1,14.223,0.17523,7.8138e-07
2247,4030,1,10.702,0.13541,-3.111e-08
1843,4045,1,10.928,0.14967,-3.3252e-07
2517,3649,1,13.739,0.12197,-1.0974e-07
2409,3532,1,14.734,0.12929,-7.8468e-07
1786,3914,1,11.914,0.15381,5.5699e-07
2178,4128,1,10.605,0.13878,7.0349e-07
483,4117,1,10.704,0.20351,-3.0978e-09
1931,3793,1,13.068,0.14752,-8.8004e-07
1974,4095,1,10.557,0.14485,5.0744e-07
1990,3901,1,12.147,0.1465,2.0108e-06
2178,4056,1,10.514,0.13895,7.2787e-09
1472,3604,1,13.66,0.16436,-1.4743e-06
2151,3485,1,14.671,0.14035,-6.9234e-07
2044,4072,1,10.747,0.14349,-7.8548e-08
1333,3811,1,12.965,0.16979,-1.3168e-06
1375,4099,1,10.589,0.16837,8.6119e-07
567,3783,1,12.966,0.2013,-2.8282e-06
83,3899,1,12.524,0.22017,2.4034e-07
2157,3417,1,15.207,0.13994,1.3067e-06
1644,4101,1,11.021,0.15663,-4.726e-07
2637,3375,1,15.81,0.11568,-2.8243e-07
2220,3534,1,14.706,0.13883,1.9162e-06
1200,3818,1,12.787,0.17424,3.4687e-07
121,4104,1,10.465,0.21764,2.6615e-08
2480,3710,1,13.788,0.12456,-3.757e-07
1773,4120,1,10.609,0.15316,-3.4446e-07
1245,4078,1,10.733,0.17371,6.4089e-07
741,3902,1,11.801,0.19251,2.0845e-06
1242,4146,1,10.442,0.17226,-4.6553e-08
1330,3890,1,12.628,0.17105,-7.0518e-07
729,4121,1,10.531,0.19182,2.183e-06
2076,3606,1,13.917,0.14234,-3.7487e-07
187,4027,1,11.031,0.21481,-1.8884e-07
2653,3517,1,14.302,0.11243,4.6877e-07
26,3699,1,12.707,0.22161,4.4276e-08
2531,3548,1,15.192,0.12239,8.8272e-07
2388,3807,1,12.627,0.13103,1.4253e-07
2601,3450,1,15.364,0.11861,2.0043e-07
1210,3593,1,13.757,0.17502,-1.0046e-06
2574,3197,1,15.919,0.11954,2.0931e-07
2601,3477,1,15.363,0.11729,-1.7649e-07
78,3997,1,12.003,0.22053,-1.6539e-07
2270,3780,1,12.982,0.13462,4.4149e-07
2037,4190,1,10.044,0.1425,4.1665e-07
747,3935,1,12.356,0.19184,-1.4163e-06
2628,3421,1,14.949,0.11614,-1.5635e-07
1902,4114,1,10.192,0.14814,-2.8175e-08
2040,4181,1,10.388,0.14349,-1.7133e-06
742,3972,1,11.815,0.19349,-1.1588e-06
1518,3976,1,11.608,0.16211,7.9488e-07
1578,4093,1,11.093,0.15938,6.7224e-07
2615,3769,1,13.612,0.11598,-7.569e-07
2631,3411,1,15.214,0.11558,-3.3393e-07
1901,4168,1,10.086,0.14802,-3.5324e-07
1998,3773,1,12.93,0.14505,-1.6311e-06
2446,3599,1,14.308,0.12861,1.1187e-06
1766,4199,1,9.9171,0.15175,-2.3929e-06
2690,3403,1,15.372,0.11053,3.4436e-07
2679,3561,1,14.221,0.10949,-5.7432e-07
2558,3510,1,14.36,0.12025,2.3277e-06
1989,3905,1,12.081,0.14467,-6.0181e-09
122,4069,1,10.571,0.21857,-6.8818e-07
1043,4284,1,10.027,0.1806,-1.2342e-07
1517,4017,1,11.569,0.1631,-8.6656e-07
362,4119,1,10.54,0.20895,1.2953e-07
2268,3843,1,12.744,0.13594,-3.2855e-07
2265,3892,1,12.423,0.13555,-3.8076e-07
2331,3754,1,12.257,0.13361,-3.5715e-07
1565,4123,1,9.7992,0.16003,1.8057e-06
2183,4107,1,11.063,0.13684,-5.7372e-07
2100,4254,1,9.6057,0.14043,8.8276e-08
2583,3681,1,13.499,0.11727,2.1022e-07
1967,4271,1,9.8565,0.14484,8.6905e-07
1840,4103,1,10.607,0.14997,1.6736e-07
2049,4077,1,11.213,0.14194,-8.2127e-08
1710,4080,1,11.011,0.15471,-8.2374e-07
2100,4210,1,9.5754,0.13945,1.3017e-06
2105,4192,1,10.107,0.1393,-7.6202e-07
2471,3863,1,12.828,0.12587,-8.3162e-07
1300,4150,1,9.6872,0.17053,2.0219e-07
2583,3702,1,13.565,0.11774,-9.9491e-07
2595,3546,1,14.706,0.11685,-9e-07
2381,3844,1,11.953,0.13052,1.1763e-07
2708,3643,1,14.492,0.10709,3.761e-07
2474,3777,1,13.155,0.12547,-6.7022e-07
2191,3885,1,11.889,0.13887,-4.1658e-07
1040,4226,1,9.7212,0.17909,5.726e-07
2510,3708,1,13.023,0.1231,-1.0847e-06
2674,3719,1,13.776,0.11103,-2.1406e-09
2542,3814,1,12.702,0.11967,1.696e-06
2431,3821,1,12.899,0.12829,5.1001e-07
36,3516,1,13.712,0.22258,3.624e-07
2308,4233,1,9.9523,0.13305,-1.7386e-06
2302,4304,1,9.3849,0.13204,-8.0334e-08
2102,4291,1,9.7619,0.14143,-2.313e-07
2237,4330,1,9.6864,0.1359,9.5242e-07
2189,3999,1,11.673,0.13871,-1.5843e-06
2671,3636,1,13.41,0.10957,2.9017e-07
2772,3432,1,15.297,0.095201,3.2553e-08
2700,3763,1,13.646,0.10829,1.3353e-06
2253,4068,1,11.301,0.13456,-6.8063e-07
910,4234,1,9.6773,0.18477,-8.5601e-08
2249,4129,1,10.869,0.13486,2.5162e-06
357,4245,1,10.074,0.20663,-6.0022e-07
1760,4235,1,9.3298,0.1534,1.2088e-07
2639,3835,1,12.904,0.11329,6.4563e-07
2337,3317,1,15.976,0.083843,5.7585e-07
2474,3359,1,15.601,0.090128,6.4558e-08
2471,3382,1,15.984,0.089692,-7.5797e-07
2339,3392,1,15.772,0.084115,3.3339e-07
1436,3339,1,15.945,0.04892,-4.997e-08
561,3425,1,14.832,0.0088164,-8.5939e-07
1942,3310,1,15.495,0.069589,5.0593e-07
1094,3483,1,14.966,0.035076,-8.5846e-08
610,3344,1,15.069,0.01105,1.1452e-06
404,3354,1,15.4,0.0011885,-6.2443e-08
1376,3251,1,15.981,0.047287,3.6459e-07
2547,3497,1,15.104,0.093111,-5.9596e-07
454,3408,1,15.492,0.0036094,-2.4382e-07
402,3283,1,15.649,8.7077e-06,-5.7078e-09
1496,3252,1,15.996,0.052001,-5.9433e-07
1095,3446,1,14.834,0.034951,-1.5456e-06
1034,3457,1,15.331,0.031276,-8.3027e-08
1039,3335,1,14.894,0.030928,1.6194e-06
2283,3493,1,14.65,0.081874,-5.5542e-08
2551,3518,1,14.702,0.093388,7.4639e-07
921,3418,1,15.457,0.027692,4.8792e-07
399,3350,1,15.977,4.2415e-07,7.3881e-10
402,3437,1,15.648,1.2942e-07,8.3627e-10
504,3453,1,15.479,0.0065887,-3.2868e-07
977,3383,1,15.481,0.028783,-7.687e-09
455,3440,1,15.381,0.0028952,1.5102e-07
413,3536,1,14.546,2.3054e-05,1.038e-08
1754,3533,1,14.849,0.062397,1.9011e-06
1087,3395,1,15.623,0.032988,2.2754e-06
877,3511,1,14.448,0.023267,9.5414e-08
1156,3447,1,14.588,0.036333,-3.5884e-07
2204,3409,1,15.895,0.079,1.2575e-06
2554,3542,1,14.471,0.092784,4.6389e-08
401,3422,1,15.746,1.4826e-07,4.9481e-10
1560,3386,1,15.675,0.054058,2.1993e-06
2614,3589,1,14.492,0.093978,-1.8604e-07
2275,3486,1,15.416,0.081536,-9.0705e-07
2143,3445,1,15.246,0.076992,1.1006e-07
655,3327,1,15.651,0.015043,-8.9269e-09
399,3379,1,15.933,8.472e-07,6.1692e-09
825,3575,1,14.265,0.02112,4.2869e-07
399,3378,1,15.97,0.0013121,-4.9997e-09
1807,3356,1,15.901,0.065335,1.1116e-06
1259,3369,1,15.858,0.041619,2.0418e-07
758,3454,1,15.553,0.018644,-4.5198e-09
400,3399,1,15.888,4.078e-08,-1.0094e-10
414,3559,1,14.449,0.0012653,-1.1881e-06
2282,3558,1,14.754,0.082412,-1.1372e-07
864,3390,1,15.753,0.025135,3.9039e-08
1498,3500,1,15.746,0.051144,-1.6127e-06
501,3426,1,15.793,0.0065699,4.0875e-07
501,3388,1,15.793,0.0057897,1.6336e-07
811,3398,1,15.644,0.020636,1.8038e-06
406,3448,1,15.279,7.3322e-06,-5.1801e-10
1499,3424,1,15.627,0.052081,-2.681e-07
2341,3429,1,15.596,0.084367,-1.7523e-07
706,3438,1,15.63,0.016617,-3.4374e-09
1048,3531,1,13.991,0.030885,-1.8867e-07
411,3471,1,14.786,0.00030732,-6.2923e-07
1335,3583,1,14.106,0.044145,6.741e-08
1328,3564,1,14.815,0.04389,-6.9527e-07
1624,3433,1,15.341,0.056645,-8.4239e-07
812,3460,1,15.572,0.022727,-9.394e-07
453,3420,1,15.529,0.0026343,-3.9601e-07
2477,3449,1,15.305,0.089404,1.0254e-06
404,3466,1,15.456,0.0022373,2.0605e-07
2008,3459,1,15.455,0.072188,-2.1938e-07
505,3349,1,15.352,0.0073934,8.5556e-08
515,3601,1,14.398,0.0070759,6.5002e-07
2015,3523,1,14.717,0.072806,-9.8103e-08
977,3476,1,15.443,0.028652,1.0851e-06
516,3640,1,14.263,0.0067826,2.1549e-07
404,3439,1,15.479,5.2391e-05,-3.3217e-10
404,3464,1,15.422,7.1945e-09,1.2824e-11
409,3529,1,14.934,0.00043184,1.3363e-08
709,3410,1,15.337,0.01599,1.3002e-08
404,3456,1,15.479,0.0013401,2.3405e-07
2411,3489,1,15.282,0.086858,-2.4593e-08
505,3475,1,15.325,0.0072923,2.3829e-07
1822,3584,1,14.43,0.063623,-2.8452e-07
1818,3591,1,14.892,0.064745,-1.7116e-06
406,3461,1,15.276,1.7636e-07,1.3952e-09
1152,3512,1,14.901,0.037982,-7.2511e-07
2561,3675,1,13.791,0.093517,-8.1834e-07
1387,3502,1,14.854,0.047361,5.5007e-07
569,3641,1,14.021,0.0083325,7.9348e-07
557,3487,1,15.261,0.0081385,-3.3493e-08
406,3322,1,15.243,1.0021e-07,-5.2812e-10
456,3462,1,15.231,0.003016,7.7322e-08
406,3470,1,15.245,8.4633e-08,5.872e-10
407,3431,1,15.125,3.5641e-07,-2.5607e-09
396,3637,1,13.922,0.10167,4.2159e-07
505,3513,1,15.357,0.0073756,-6.048e-07
406,3488,1,15.208,6.6552e-08,6.2237e-11
1449,3554,1,14.618,0.048695,4.8678e-08
1401,3712,1,13.427,0.046341,3.0783e-07
2488,3621,1,14.276,0.089725,1.8185e-07
880,3617,1,14.18,0.024714,1.2057e-06
1769,3687,1,13.338,0.06294,-7.9927e-08
407,3473,1,15.189,6.4468e-08,-8.7547e-11
713,3539,1,14.947,0.015713,-1.4998e-07
1340,3732,1,13.635,0.043461,6.5002e-08
406,3501,1,15.222,3.0672e-08,-1.4503e-10
1520,3665,1,13.501,0.051667,7.9218e-07
2734,3660,1,13.369,0.10103,5.4027e-08
1100,3613,1,14.375,0.033184,-3.3691e-07
1103,3618,1,14.06,0.033155,1.9917e-07
2162,3706,1,13.36,0.077072,-7.0112e-07
409,3526,1,14.994,0.0010508,2.0741e-09
1219,3661,1,14.04,0.038921,-7.1072e-07
1640,3731,1,13.795,0.057329,-2.9249e-07
408,3507,1,15.03,6.9487e-06,-6.1776e-09
2363,3686,1,13.333,0.084492,3.7755e-08
409,3515,1,14.991,0.00043829,-2.6715e-07
1275,3634,1,14.233,0.040959,1.2871e-08
409,3540,1,14.966,3.1489e-08,-3.1261e-12
410,3555,1,14.883,0.0012827,4.308e-07
1090,3427,1,15.353,0.035295,5.7173e-07
2495,3713,1,13.577,0.089556,-4.1348e-07
409,3498,1,14.94,7.1126e-08,-6.1515e-10
1218,3657,1,14.172,0.038593,6.2593e-09
1113,3700,1,13.086,0.03365,1.8494e-06
928,3579,1,14.778,0.027595,8.7977e-08
1899,3659,1,13.21,0.067941,-6.7241e-07
1819,3521,1,14.769,0.063993,-3.6488e-07
924,3520,1,15.138,0.025548,-5.3879e-07
1039,3528,1,14.805,0.032824,6.1928e-07
720,3685,1,14.232,0.015305,-1.1114e-06
927,3549,1,14.835,0.026367,4.2845e-07
562,3560,1,14.791,0.0084051,-3.9187e-07
512,3571,1,14.647,0.0067742,-2.602e-07
2163,3695,1,13.225,0.076895,-1.7243e-06
1838,3854,1,12.826,0.06554,-1.1159e-06
2685,3588,1,12.967,0.097072,-4.8067e-07
2484,3567,1,14.667,0.089598,5.3032e-07
622,3696,1,13.867,0.010398,4.8861e-07
394,3729,1,13.708,0.10262,-2.2684e-06
1949,3509,1,14.789,0.069001,2.2952e-07
423,3587,1,13.531,1.7488e-06,6.3039e-09
876,3570,1,14.563,0.024313,2.9901e-07
412,3577,1,14.67,1.2438e-05,-2.5243e-08
412,3573,1,14.654,3.0992e-09,-4.0397e-12
2236,3770,1,12.675,0.078664,1.1762e-06
2082,3482,1,14.634,0.073902,1.4323e-07
2162,3768,1,13.326,0.078281,-9.2292e-07
480,3734,1,12.867,0.0031226,-5.5497e-07
989,3652,1,14.209,0.029668,1.4125e-06
2221,3645,1,14.171,0.080918,2.9951e-06
261,3823,1,13.063,0.11023,-2.3983e-07
1106,3691,1,13.79,0.033994,1.0932e-06
1157,3620,1,14.445,0.037689,1.1979e-07
413,3597,1,14.558,2.8809e-07,6.5223e-10
301,3764,1,13.015,0.10727,-2.1775e-07
473,3723,1,13.588,0.0049834,-2.9205e-09
391,3704,1,13.494,0.10379,-7.9911e-08
1578,3670,1,13.876,0.054471,-1.282e-06
413,3491,1,14.503,5.2919e-06,-1.0152e-08
683,3758,1,12.821,0.015083,-1.5093e-06
668,3619,1,14.373,0.014705,-2.6079e-07
729,3717,1,13.394,0.017321,9.3374e-07
1708,3798,1,13.136,0.059646,-7.1173e-07
1399,3744,1,13.667,0.047899,1.4139e-06
431,3771,1,12.717,0.0016808,-1.4157e-07
415,3622,1,14.376,0.00098205,-6.8133e-08
2150,3609,1,14.54,0.076862,2.88e-07
414,3616,1,14.399,0.0024659,2.7656e-08
2236,3813,1,12.672,0.080084,-1.8369e-07
566,3568,1,14.396,0.0082299,-5.6963e-08
1460,3714,1,13.533,0.049195,-4.5141e-07
825,3653,1,14.278,0.020862,7.0091e-08
2169,3703,1,12.623,0.076678,-2.3824e-07
415,3628,1,14.345,3.095e-08,-9.9168e-11
1581,3711,1,13.577,0.053266,-3.7898e-07
2303,3869,1,12.676,0.081977,-1.7894e-08
1216,3541,1,14.314,0.038346,-4.3643e-07
347,3705,1,13.57,0.10643,2.0473e-06
942,3739,1,13.346,0.027672,-3.0413e-07
1162,3680,1,13.919,0.036306,-4.8549e-08
997,3666,1,13.461,0.028996,-4.4185e-07
824,3663,1,14.377,0.021527,-1.142e-07
1050,3725,1,13.743,0.032423,2.1141e-06
2164,3718,1,13.104,0.078222,2.5479e-07
879,3654,1,14.262,0.02363,-3.7048e-07
2739,3755,1,12.892,0.10069,-2.1509e-06
417,3586,1,14.145,1.0795e-07,1.0772e-10
1965,3730,1,13.113,0.069852,7.1483e-08
1711,3655,1,12.891,0.060588,2.2984e-07
2561,3650,1,13.796,0.092134,-1.3385e-06
1836,3808,1,13.031,0.063408,1.0235e-07
1580,3775,1,13.642,0.055737,-3.424e-07
621,3692,1,13.978,0.012172,1.424e-07
2227,3765,1,13.531,0.079127,1.7509e-06
418,3624,1,14.056,0.0014853,-3.7239e-09
2357,3615,1,13.997,0.083931,-5.3716e-07
426,3677,1,13.237,1.7286e-05,-7.6343e-08
419,3658,1,13.902,5.0259e-07,2.3975e-10
2034,3826,1,12.874,0.071539,1.7288e-07
1844,3926,1,12.295,0.065827,-1.2019e-06
182,3911,1,12.378,0.11574,-4.3548e-07
887,3648,1,13.427,0.023976,-1.0391e-07
2370,3726,1,12.61,0.084493,1.2185e-06
419,3610,1,13.971,4.2416e-06,-1.229e-09
419,3608,1,13.935,1.429e-07,-1.0059e-09
1963,3776,1,13.336,0.069162,-3.8893e-07
2307,3884,1,12.256,0.081949,-2.5225e-07
1054,3766,1,13.362,0.030835,1.1366e-06
2577,3913,1,12.143,0.093269,5.7513e-07
1901,3797,1,13.082,0.066803,-2.0178e-06
420,3676,1,13.869,1.1272e-05,1.2903e-09
1782,3936,1,12.093,0.061836,-7.3165e-07
419,3671,1,13.9,3.4113e-07,-7.3492e-10
536,3878,1,12.288,0.0055125,-5.5781e-07
2682,3752,1,13.296,0.098367,-4.8063e-07
420,3633,1,13.817,7.105e-06,-1.5468e-08
420,3698,1,13.817,8.3225e-08,-1.5217e-11
1406,3832,1,12.933,0.046282,-1.979e-10
250,3895,1,11.999,0.11079,-2.1062e-07
299,3825,1,12.894,0.10796,1.2424e-06
473,3668,1,13.579,0.0042522,3.0798e-07
521,3779,1,13.742,0.0063762,4.8246e-07
2437,3867,1,12.613,0.087122,-4.7891e-08
676,3738,1,13.565,0.013671,9.8554e-08
604,3290,1,15.683,0.012662,-7.4796e-08
1281,3667,1,13.679,0.042903,2.3677e-07
1712,3809,1,12.719,0.05955,3.1519e-08
422,3715,1,13.625,3.5384e-06,-3.0759e-08
1971,3853,1,12.541,0.06939,3.6422e-07
422,3707,1,13.66,5.1068e-07,2.3188e-09
2100,3850,1,12.896,0.075744,-1.6286e-07
1405,3795,1,13.014,0.047163,-1.4694e-07
2176,3943,1,11.92,0.077438,-7.6859e-08
423,3684,1,13.513,2.1342e-06,-3.1593e-10
1411,3837,1,12.487,0.046051,-3.8679e-09
833,3761,1,13.446,0.020753,-1.0856e-07
423,3747,1,13.55,2.7504e-06,6.3667e-09
374,3951,1,11.757,0.10251,-6.7365e-07
779,3682,1,13.436,0.018021,9.9525e-08
427,3791,1,13.133,0.00059516,5.4554e-10
677,3721,1,13.427,0.014605,2.9799e-08
424,3737,1,13.452,4.2936e-05,-6.5003e-09
1966,3790,1,13.099,0.070961,-5.7445e-08
59,3940,1,11.887,0.12541,4.1778e-08
1522,3743,1,13.393,0.051999,2.3559e-07
424,3759,1,13.488,0.0024572,1.1443e-07
336,3880,1,12.424,0.10411,-2.3868e-07
424,3742,1,13.479,1.198e-07,4.8805e-11
627,3728,1,13.367,0.011556,-1.462e-06
82,4024,1,11.676,0.12336,8.5749e-07
2016,3463,1,14.698,0.071047,-2.6559e-07
424,3760,1,13.412,2.3282e-08,-1.3447e-10
177,3866,1,11.85,0.11604,-7.511e-07
1466,3847,1,12.963,0.049165,-9.0071e-07
2170,3834,1,12.538,0.0766,4.3873e-07
524,3724,1,13.411,0.0059207,-1.7065e-07
2371,3944,1,12.553,0.08483,5.6372e-07
627,3787,1,13.308,0.010616,-2.1777e-07
1116,3786,1,12.77,0.035331,1.1038e-06
1175,3876,1,12.638,0.037093,7.8525e-07
2048,3949,1,11.451,0.073005,1.4721e-06
781,3751,1,13.242,0.017825,-8.1639e-08
2304,3917,1,12.558,0.083107,-8.9036e-07
2043,3981,1,11.929,0.071329,2.4155e-09
426,3753,1,13.296,6.6246e-06,-1.6663e-08
1056,3802,1,13.191,0.031391,-4.2868e-07
577,3709,1,13.269,0.0095824,4.9774e-07
426,3784,1,13.291,7.2945e-08,1.6629e-10
2085,3556,1,14.364,0.074546,-6.7136e-07
213,4016,1,11.882,0.11377,-2.8372e-06
1475,3968,1,12.079,0.048991,1.3362e-07
1778,3887,1,12.451,0.061175,1.141e-06
2315,4004,1,11.429,0.081658,-2.3051e-07
841,3820,1,12.614,0.022149,2.5161e-08
2698,3967,1,11.664,0.098723,-1.9477e-06
1291,3855,1,12.682,0.041685,-2.5888e-06
427,3810,1,13.184,2.8485e-06,5.7568e-09
1237,3929,1,12.294,0.039883,-6.1371e-09
1350,3879,1,12.697,0.043336,6.1924e-08
1479,3904,1,11.699,0.050151,-3.7507e-07
478,3746,1,13.057,0.0031692,4.9408e-08
372,3995,1,11.527,0.10257,1.1212e-06
1240,3945,1,11.942,0.038484,1.1503e-06
427,3815,1,13.12,1.9006e-07,-1.5153e-09
2382,3796,1,11.414,0.083873,-7.4953e-07
1008,3852,1,12.324,0.030134,-1.4019e-08
735,3861,1,12.714,0.016881,-8.2452e-08
2700,3965,1,11.461,0.098616,1.1134e-06
427,3819,1,13.105,3.0122e-07,1.3244e-09
682,3789,1,12.985,0.012628,2.1182e-08
1056,3781,1,13.157,0.03265,-3.8722e-07
784,3792,1,12.973,0.019439,4.5153e-07
9,3956,1,11.489,0.13123,-5.4409e-07
140,3993,1,11.431,0.11748,-8.7372e-08
1469,3864,1,12.682,0.048752,-4.5975e-07
428,3845,1,13.067,3.9011e-08,1.2086e-10
429,3822,1,12.998,6.4489e-08,1.1247e-10
429,3778,1,12.911,9.4116e-07,9.2826e-11
2249,3908,1,11.305,0.080379,-2.0746e-06
428,3859,1,13.01,7.9604e-06,-7.7591e-09
1292,3812,1,12.51,0.041976,-2.4585e-07
1786,3992,1,11.625,0.062293,-2.9161e-07
2106,3868,1,12.211,0.074138,1.0565e-07
2384,4000,1,11.274,0.084068,-1.4345e-07
429,3806,1,12.953,7.2417e-09,3.5334e-12
734,3833,1,12.854,0.015556,3.3701e-07
1238,3955,1,12.186,0.040436,3.6887e-07
839,3840,1,12.833,0.020353,-4.7677e-08
430,3858,1,12.894,7.2301e-07,-2.555e-09
2385,4053,1,11.201,0.085435,5.5671e-07
2703,4033,1,11.18,0.097335,3.4155e-07
2114,4041,1,11.414,0.074561,-3.7972e-07
792,3974,1,12.147,0.01806,4.4419e-07
1846,3934,1,12.083,0.064665,6.9518e-07
1718,3912,1,12.19,0.059115,-4.0597e-07
948,3803,1,12.749,0.026533,5.5406e-07
583,3849,1,12.646,0.0093027,8.0449e-08
437,3983,1,12.102,0.0014955,2.2858e-07
598,4035,1,11.126,0.008848,7.5988e-07
2520,4106,1,11.063,0.089667,3.388e-07
482,3872,1,12.695,0.0030466,-1.2839e-06
790,3933,1,12.309,0.018553,1.4378e-06
2521,4066,1,10.977,0.08892,-1.8858e-07
243,4047,1,11.214,0.11101,-1.8303e-08
736,3860,1,12.624,0.016405,7.0968e-07
1355,3953,1,12.121,0.043753,-2.671e-07
432,3875,1,12.67,4.1417e-06,-1.2008e-08
2253,4091,1,10.931,0.080912,-1.967e-06
432,3856,1,12.671,6.8357e-06,-4.0267e-08
743,3948,1,11.919,0.015276,-3.1761e-07
1980,4006,1,11.682,0.070675,-5.6741e-07
2111,3920,1,11.797,0.074345,2.7615e-06
104,4089,1,10.935,0.11922,-7.2694e-08
141,4015,1,11.523,0.11835,1.608e-06
432,3891,1,12.612,8.9685e-07,2.0433e-09
433,3883,1,12.591,2.2956e-05,3.8465e-09
433,3889,1,12.563,0.001018,9.6523e-09
433,3836,1,12.537,9.8985e-06,1.0742e-08
1597,4001,1,11.927,0.055022,2.8302e-07
1479,4005,1,11.701,0.048509,8.1481e-08
433,3910,1,12.528,0.0012943,5.6621e-08
1598,3877,1,11.899,0.055693,4.6387e-07
2174,3962,1,12.194,0.077579,-5.915e-07
434,3873,1,12.473,4.0618e-06,-8.413e-09
2185,4070,1,11.061,0.077541,2.7197e-07
543,3919,1,11.55,0.0065719,5.1564e-07
172,3958,1,11.312,0.11422,-1.5864e-07
1074,3987,1,11.349,0.030284,7.1737e-07
689,3828,1,12.301,0.012607,-7.4431e-07
1237,3941,1,12.215,0.038643,-1.6118e-07
535,3932,1,12.344,0.0069435,2.9526e-07
1987,4048,1,10.961,0.069546,-3.9807e-07
1918,4029,1,11.37,0.065985,-3.9053e-07
2115,4076,1,11.384,0.074411,2.1346e-06
434,3894,1,12.403,1.6248e-07,-5.3357e-10
2188,4126,1,10.763,0.078159,4.1769e-08
2256,4079,1,10.625,0.079239,3.6525e-07
1984,3862,1,11.285,0.070418,-1.3195e-06
899,3915,1,12.234,0.023196,6.0347e-07
535,3898,1,12.358,0.0067813,-2.7301e-07
436,3916,1,12.277,3.5616e-05,1.0072e-08
1240,3950,1,11.925,0.038411,1.9827e-07
1954,3504,1,14.231,0.068781,-4.4166e-07
435,3881,1,12.303,9.907e-07,-4.4497e-10
1182,3975,1,11.965,0.03631,3.5592e-07
638,3952,1,12.28,0.010947,1.7246e-07
104,4141,1,10.951,0.11992,3.3606e-06
1603,4063,1,11.347,0.055581,-4.0865e-08
2254,4052,1,10.84,0.08039,4.6146e-07
1360,4020,1,11.687,0.045487,-2.3251e-07
436,3927,1,12.282,1.1884e-07,-4.3309e-11
1072,4013,1,11.509,0.032223,-1.8602e-07
1479,3985,1,11.651,0.04935,2.8956e-07
1018,4039,1,11.378,0.028469,7.4835e-07
961,4043,1,11.484,0.027042,-1.2374e-06
2762,4159,1,10.522,0.10022,1.3949e-06
436,3909,1,12.231,0.00082115,-2.5221e-09
130,4162,1,10.491,0.11701,1.6741e-06
957,3989,1,11.812,0.026402,1.0469e-06
437,3928,1,12.193,8.1177e-07,-4.6344e-09
437,3937,1,12.198,2.8327e-07,1.5011e-10
2524,4094,1,10.652,0.09003,-5.4305e-08
2253,4100,1,10.968,0.080114,-6.8543e-08
538,4008,1,12.033,0.0061418,-1.3676e-07
1264,3412,1,15.375,0.041529,1.31e-06
438,3971,1,12.096,0.00058903,4.2044e-08
1990,4125,1,10.705,0.069748,1.2957e-07
1797,4136,1,10.595,0.061891,-1.7333e-07
1419,4032,1,11.652,0.047928,-4.3275e-07
438,3918,1,12.059,7.4425e-07,2.4027e-09
589,3925,1,12.077,0.0078603,-4.3559e-07
792,3939,1,12.109,0.018127,1.0751e-06
848,3970,1,11.956,0.022487,1.2329e-06
275,4158,1,10.478,0.10751,2.8243e-07
438,3980,1,12.061,5.3447e-08,1.6128e-10
1186,4011,1,11.564,0.035655,-1.4153e-06
1423,4112,1,11.215,0.046614,-9.6626e-07
439,3947,1,11.988,4.5683e-07,-1.0272e-09
2187,4084,1,10.844,0.07746,-1.8792e-08
69,4191,1,10.336,0.12294,1.8632e-06
1018,4067,1,11.401,0.028652,1.5945e-08
539,3963,1,11.938,0.0056868,-1.2728e-07
2060,4118,1,10.242,0.07338,2.094e-07
2394,4198,1,10.255,0.084382,-2.6998e-07
2597,4208,1,10.137,0.093781,1.1963e-07
1188,4057,1,11.344,0.037069,3.2334e-07
642,3924,1,11.825,0.011177,-1.9057e-06
439,3805,1,11.92,9.2831e-07,-3.8521e-09
906,4049,1,11.515,0.024468,-2.0045e-06
1992,4169,1,10.43,0.070275,-1.3333e-06
960,4092,1,11.545,0.02635,-1.0118e-06
2052,4138,1,11.043,0.071397,-9.1814e-07
643,3984,1,11.78,0.012067,3.8411e-07
540,3978,1,11.842,0.0050747,-9.4551e-08
440,3954,1,11.82,4.5401e-06,1.8074e-09
1191,4096,1,11.05,0.036193,1.1575e-09
440,4014,1,11.842,5.5375e-05,2.9487e-08
2189,4194,1,10.657,0.076066,1.2486e-06
1307,4075,1,11.021,0.042421,-7.3605e-08
592,3991,1,11.709,0.0094281,-7.4312e-08
745,4026,1,11.706,0.016682,-9.5159e-07
2329,4213,1,10.009,0.082591,1.0237e-06
158,4280,1,9.9631,0.11531,4.2246e-07
313,4260,1,10.119,0.10521,1.0193e-06
797,3969,1,11.674,0.018175,2.5542e-07
2651,4155,1,10.712,0.095281,-8.9852e-07
274,4163,1,10.339,0.10828,-5.4759e-07
1368,4124,1,10.867,0.042989,-3.4674e-08
542,3977,1,11.648,0.0073526,-1.1902e-07
1076,4090,1,11.148,0.031847,2.0783e-07
441,3998,1,11.735,0.00087949,-1.4073e-06
178,3938,1,11.92,0.1143,1.0816e-06
1076,4111,1,11.138,0.031367,1.6656e-08
1608,4131,1,10.81,0.055015,1.9016e-07
2259,4232,1,10.362,0.079769,-2.3324e-06
2768,4171,1,9.9596,0.10135,-9.8023e-07
1191,4086,1,11.082,0.036676,-3.1944e-07
593,3996,1,11.612,0.0091303,-1.5052e-06
1246,4082,1,11.308,0.040088,4.2273e-07
913,4116,1,10.891,0.024396,1.0432e-06
194,4285,1,9.9233,0.11341,-7.0713e-07
542,3986,1,11.669,0.0051461,3.5906e-07
1801,4182,1,10.193,0.060811,3.1959e-07
1677,4188,1,10.052,0.057203,-1.0125e-06
543,4034,1,11.553,0.006726,-2.1893e-07
543,4074,1,11.579,0.0062274,1.5557e-06
216,3942,1,12.144,0.11372,-5.3303e-07
594,4061,1,11.513,0.0075911,1.3916e-07
2715,4283,1,9.9224,0.09663,9.7655e-07
443,4046,1,11.585,9.9555e-08,7.3772e-10
1371,4157,1,10.594,0.043977,4.6186e-07
1136,4147,1,10.775,0.034611,4.3298e-08
44,4143,1,10.399,0.12644,1.1344e-06
1991,4161,1,10.528,0.070159,7.9315e-07
493,4060,1,11.572,0.0030154,-1.9655e-08
2398,4216,1,9.8876,0.084392,1.1976e-06
2130,4219,1,9.8793,0.075006,-2.9629e-07
2601,4238,1,9.7515,0.091519,5.3178e-08
443,4010,1,11.548,2.0898e-08,8.727e-11
1734,4167,1,10.572,0.059004,1.2782e-06
1252,4142,1,10.759,0.038835,-1.2479e-06
2198,4230,1,9.8071,0.076695,6.5501e-07
1735,4189,1,10.422,0.06072,1.666e-07
443,4023,1,11.504,5.1084e-08,2.4191e-10
1431,4151,1,10.503,0.045878,-1.6424e-08
444,4059,1,11.493,1.669e-08,3.4282e-11
1372,3964,1,10.486,0.043084,3.3894e-07
857,4040,1,11.101,0.021449,-5.5327e-07
444,3990,1,11.451,1.2376e-06,8.0373e-09
749,3923,1,11.322,0.016484,9.4725e-08
1617,4177,1,9.9617,0.054499,-3.1491e-07
698,4055,1,11.333,0.014442,-2.8524e-07
444,4007,1,11.407,2.7692e-07,2.2583e-09
648,4085,1,11.296,0.01206,-1.7056e-06
699,4054,1,11.279,0.014946,2.9214e-07
803,4028,1,11.101,0.019658,-6.0446e-08
1432,4197,1,10.383,0.047878,7.3544e-07
857,4031,1,11.033,0.020584,1.6669e-07
699,4042,1,11.259,0.013194,1.9654e-08
445,4025,1,11.345,3.1267e-08,2.1422e-10
445,4083,1,11.347,1.012e-07,4.5345e-10
1610,4127,1,10.62,0.053616,-1.0141e-06
1928,4220,1,10.359,0.066556,-2.9848e-07
1491,4195,1,10.429,0.048832,9.6548e-07
857,4097,1,11.093,0.022481,-7.2673e-08
1995,4244,1,10.119,0.07026,-1.0286e-06
351,4288,1,9.4845,0.10179,-3.525e-07
2469,4261,1,9.4852,0.086684,-2.2974e-07
1739,4227,1,10.065,0.059376,-3.0435e-07
2669,3443,1,14.579,0.097579,3.7857e-08
2267,4343,1,9.5591,0.079294,1.2183e-07
1433,4247,1,10.25,0.046289,-2.9318e-07
969,4156,1,10.646,0.025265,4.9762e-07
446,4058,1,11.232,3.3215e-07,2.6224e-09
1934,4193,1,9.7494,0.068175,5.4457e-07
1025,4183,1,10.635,0.029408,2.5151e-06
497,4087,1,11.119,0.0045044,3.8951e-07
1198,4201,1,10.394,0.035763,-1.0625e-08
447,3994,1,11.191,3.1883e-07,4.6696e-11
497,4108,1,11.187,0.0039311,4.285e-08
121,4292,1,9.5843,0.11866,-2.2327e-07
447,4081,1,11.176,0.0021612,-5.9146e-07
547,4051,1,11.131,0.0062351,6.7425e-07
968,4022,1,10.736,0.027142,2.4056e-06
148,3817,1,12.281,0.11875,-1.4051e-07
2068,4295,1,9.4845,0.072865,8.822e-08
348,3669,1,13.665,0.1057,3.3345e-07
448,4088,1,11.058,1.9486e-08,-1.0802e-10
448,3961,1,11.054,9.7545e-05,-1.3254e-07
1141,4187,1,10.242,0.033205,-9.7327e-08
1434,4225,1,10.13,0.045517,-2.747e-07
448,4122,1,11.024,1.9248e-07,-1.56e-09
120,4246,1,9.4239,0.1178,2.0046e-08
12,4262,1,9.5213,0.12697,1.0272e-07
501,4073,1,9.8149,0.20082,-9.86e-08
1045,4240,1,9.3979,0.17028,1.1774e-08
547,4206,1,9.7093,0.19688,9.1693e-07
868,4241,1,9.4248,0.17958,-1.4919e-07
677,4364,1,8.5939,0.18924,-1.6497e-09
492,4314,1,8.9897,0.19921,-9.9877e-07
2724,4344,1,8.3347,0.26529,1.2501e-07
1041,4315,1,8.938,0.16951,2.5386e-07
1400,4359,1,8.6851,0.1492,-6.3591e-07
2545,4471,1,7.6956,0.23641,5.7416e-07
1298,4356,1,7.8101,0.15471,-6.5421e-07
685,4229,1,9.4098,0.18935,-1.046e-06
439,4340,1,8.5699,0.20246,1.787e-07
2562,4456,1,7.6634,0.28619,-1.5579e-07
184,4420,1,7.9281,0.2146,-1.3254e-06
329,4370,1,7.482,0.20806,-5.6932e-08
1344,4485,1,7.697,0.15347,2.1344e-07
1206,4545,1,7.6262,0.16026,-3.8308e-08
2774,4394,1,8.7607,0.22993,2.6029e-07
1660,4541,1,7.5902,0.1364,2.5493e-07
1537,4376,1,8.6979,0.14345,-3.6902e-07
1452,4297,1,9.2916,0.14816,4.7222e-07
523,4579,1,7.2343,0.19837,-3.978e-09
2588,4440,1,7.9137,0.22534,-9.6438e-07
373,4483,1,6.8756,0.20491,-3.8038e-07
249,4332,1,9.4637,0.21281,-1.0002e-06
2377,4588,1,7.0128,0.23498,-3.394e-07
1082,4379,1,8.6905,0.16854,1.6091e-06
278,4560,1,7.3514,0.211,-1.0737e-06
982,4568,1,7.5725,0.1738,-1.1594e-06
1283,4700,1,6.2368,0.15524,-2.3246e-09
854,4489,1,8.1014,0.18014,-1.8567e-07
217,4708,1,6.289,0.21295,-1.6776e-06
49,4236,1,9.8278,0.22371,-2.9564e-06
528,4411,1,7.7289,0.19724,1.1768e-06
35,4495,1,8.4863,0.22203,4.5687e-06
529,4594,1,7.8535,0.19827,2.2546e-07
1243,4598,1,6.853,0.15711,-5.7245e-07
1297,4454,1,7.7092,0.15473,-1.5258e-07
399,4320,1,9.431,0.20641,1.4852e-06
445,4355,1,9.1829,0.20283,-1.5396e-06
378,4533,1,7.3583,0.20425,1.2892e-06
1258,4424,1,8.349,0.15717,-1.3946e-06
867,4309,1,9.411,0.17946,2.4175e-07
638,4281,1,9.264,0.19398,-5.7184e-07
1282,4732,1,6.1476,0.15444,6.6532e-08
982,4566,1,7.535,0.17373,8.8723e-07
580,4472,1,8.2021,0.19615,1.569e-06
1293,4591,1,7.2289,0.15536,-8.5516e-07
1041,4338,1,8.9784,0.17114,1.5088e-06
1335,4671,1,6.7688,0.153,-1.8457e-06
1487,4475,1,8.1621,0.14436,-4.1976e-08
1313,4248,1,9.3028,0.15456,-5.2664e-08
1450,4305,1,9.0732,0.14857,1.3394e-07
1649,4646,1,6.5244,0.13638,-1.3207e-07
1259,4464,1,8.4685,0.15771,-2.3545e-06
1240,4713,1,6.5409,0.15734,-2.4369e-06
1357,4349,1,8.9258,0.15273,-3.5337e-08
1615,4535,1,7.4955,0.13724,5.5969e-07
1534,4474,1,8.4149,0.14372,-1.5862e-07
1684,4611,1,7.0409,0.13283,-3.9408e-06
1379,4690,1,6.5967,0.15114,-3.3691e-06
1564,4689,1,6.8963,0.14,1.1074e-07
1611,4648,1,7.0547,0.13653,9.6613e-07
1677,4697,1,6.3701,0.13284,1.9795e-06
1706,4667,1,6.6934,0.13051,4.0781e-07
1702,4695,1,6.271,0.13026,-1.39e-07
1719,4739,1,5.6982,0.12762,-6.7146e-07
1626,4436,1,8.5205,0.13761,-2.0371e-06
545,4110,1,10.936,2.2755e-07,-1.7448e-09
548,4140,1,10.661,3.3856e-07,-2.1067e-09
546,4135,1,10.815,1.3005e-07,9.6171e-10
547,4145,1,10.752,1.4814e-05,-1.893e-08
812,4137,1,10.725,0.012081,8.4877e-07
545,4148,1,10.953,9.5618e-08,-2.6851e-10
680,4133,1,10.798,0.0053199,2.0424e-07
613,4152,1,10.861,0.0042862,1.1247e-07
877,4144,1,10.864,0.014308,7.9605e-07
948,4018,1,10.338,0.01661,4.717e-07
549,4160,1,10.581,0.0018632,5.8229e-08
879,4166,1,10.618,0.012749,9.9488e-07
548,4173,1,10.644,3.2623e-07,-2.5715e-09
548,4132,1,10.661,4.9275e-09,-3.668e-12
549,4170,1,10.577,3.8581e-07,8.5374e-13
549,4149,1,10.541,9.6926e-07,-7.7557e-24
550,4180,1,10.434,0.0014617,-6.6523e-07
749,4185,1,10.431,0.0084898,1.0948e-07
748,4176,1,10.509,0.0090988,-5.3557e-07
880,4205,1,10.538,0.014247,1.573e-07
684,4164,1,10.372,0.0066726,7.7769e-07
549,4109,1,10.517,3.7006e-07,1.3058e-09
1010,4200,1,10.493,0.018524,-1.4976e-07
617,4202,1,10.487,0.0031798,-3.0259e-07
1014,4203,1,10.026,0.019508,-1.4727e-06
683,4165,1,10.501,0.0066138,-9.598e-08
1261,4175,1,10.182,0.029551,1.6698e-07
550,4211,1,10.482,7.9932e-08,-5.7207e-10
551,4214,1,10.363,0.00020295,4.9074e-09
619,4184,1,10.282,0.0025158,3.9591e-08
552,4115,1,10.251,0.0015448,1.0116e-07
1260,4223,1,10.282,0.028281,-2.0845e-08
1009,4215,1,10.532,0.017617,-8.4556e-07
883,4172,1,10.258,0.014839,4.0922e-08
554,4186,1,10.086,1.8056e-05,-1.0837e-08
553,4221,1,10.162,7.9803e-07,3.0502e-09
551,4207,1,10.374,1.363e-06,5.1403e-10
553,4228,1,10.121,2.9677e-07,4.0554e-10
884,4243,1,10.203,0.014698,1.9761e-08
1077,4239,1,10.104,0.020695,-9.302e-08
820,4250,1,9.9598,0.010833,1.4454e-06
1681,4265,1,9.9561,0.045791,5.5575e-07
951,4224,1,10.039,0.016946,1.0934e-07
1851,4249,1,9.7112,0.055023,-4.2267e-07
1264,4251,1,9.8685,0.030093,-8.6766e-07
1078,4237,1,9.93,0.021156,-2.3205e-06
754,4256,1,9.9123,0.0089741,6.6066e-07
556,4268,1,9.8878,0.0014444,-1.2304e-06
886,4263,1,9.9829,0.012671,7.9918e-07
688,4174,1,9.9949,0.0063802,1.4429e-07
953,4278,1,9.9025,0.015014,-5.5284e-08
1016,4264,1,9.8923,0.019467,-5.8637e-08
1015,4257,1,9.9478,0.018322,3.9093e-07
556,4252,1,9.8961,0.00032937,-2.2923e-08
555,4267,1,9.9546,1.0092e-07,-5.1471e-11
556,4273,1,9.8376,6.4682e-05,1.4075e-07
690,4274,1,9.7572,0.0065374,2.9084e-07
555,4231,1,9.952,0.00046168,2.2004e-07
627,4259,1,9.4567,0.0045084,2.7146e-07
557,4298,1,9.7681,1.6956e-07,1.194e-09
689,4212,1,9.9054,0.0073783,-1.3841e-06
689,4296,1,9.8199,0.0070904,-1.6129e-07
690,4266,1,9.7442,0.006269,1.3993e-06
559,4302,1,9.5967,2.1924e-05,5.9792e-08
1206,4299,1,9.5463,0.027264,-3.325e-07
557,4130,1,9.7379,0.00062281,4.6159e-07
1627,4277,1,9.577,0.044298,-4.3241e-08
1959,4307,1,9.5279,0.060693,-1.3415e-08
1567,4300,1,9.6689,0.042648,-2.2047e-06
1686,4323,1,9.4504,0.046779,5.842e-07
559,4294,1,9.5179,0.00023128,5.1612e-07
1328,4331,1,9.6512,0.031568,1.9535e-07
1567,4301,1,9.6301,0.041032,-4.1367e-07
823,4316,1,9.6478,0.010661,3.1842e-07
1627,4329,1,9.5696,0.044752,5.2993e-07
1268,4322,1,9.4776,0.02995,-1.3539e-07
1801,4306,1,9.2794,0.053076,-8.3527e-08
824,4312,1,9.5858,0.010775,-1.1808e-06
1267,4275,1,9.5953,0.02779,-4.1224e-07
1330,4324,1,9.4622,0.031699,2.1682e-08
627,4310,1,9.4977,0.003771,1.2792e-07
559,4328,1,9.5622,0.00077112,-7.8678e-08
559,4342,1,9.5238,1.3577e-06,-8.8566e-10
1571,4282,1,9.308,0.040539,-4.6406e-08
2114,4319,1,9.303,0.06675,1.2223e-07
1084,4325,1,9.3276,0.020042,-1.582e-06
561,4333,1,9.377,6.8785e-07,5.0675e-10
890,4326,1,9.5156,0.014286,1.5035e-06
1961,4339,1,9.3788,0.059383,1.0236e-06
560,4311,1,9.4225,1.6705e-05,1.8591e-08
1962,4317,1,9.3109,0.058401,1.1126e-06
560,4367,1,9.4744,2.1479e-06,-1.5799e-09
1627,4357,1,9.5718,0.045031,-8.0019e-07
628,4354,1,9.3828,0.003706,2.2804e-08
1085,4353,1,9.3118,0.021475,-8.8671e-07
561,4346,1,9.3424,3.1204e-07,-5.661e-10
1393,4350,1,9.1262,0.032753,1.1913e-07
959,4375,1,9.26,0.01703,-6.508e-08
1086,4378,1,9.2102,0.022412,-3.3623e-06
1453,4345,1,9.1596,0.03634,-1.2632e-06
761,4303,1,9.2682,0.0081503,1.7105e-06
2455,4374,1,9.08,0.084835,-1.3266e-06
959,4321,1,9.2555,0.016044,-9.7897e-08
362,4222,1,9.2625,0.11198,-1.9516e-06
893,4369,1,9.2734,0.013373,-2.9398e-07
1571,4318,1,9.3066,0.040774,6.1314e-08
1453,4360,1,9.1198,0.035835,-2.187e-07
1745,4341,1,9.2292,0.049908,-4.9972e-08
1574,4366,1,9.0123,0.042885,-1.4802e-07
1086,4388,1,9.1836,0.021902,3.3248e-07
1571,4372,1,9.217,0.04272,1.5513e-07
563,4362,1,9.1994,7.7371e-08,-1.101e-10
2013,4335,1,9.2832,0.062949,-1.3182e-07
696,4352,1,9.1983,0.0060453,-5.5631e-07
1858,4381,1,9.0976,0.054122,4.8543e-07
1271,4391,1,9.1603,0.027704,7.3675e-08
406,4269,1,9.0452,0.11109,6.1007e-07
360,4348,1,9.0518,0.1123,1.9487e-06
564,4392,1,9.1072,0.00091343,-2.5071e-08
1690,4293,1,9.0632,0.046528,5.0807e-07
763,4373,1,9.0225,0.008645,2.2513e-07
2167,4384,1,8.9618,0.070626,1.8775e-08
630,4337,1,9.12,0.0040735,3.1446e-08
1024,4389,1,9.0262,0.019672,-1.0491e-07
1965,4396,1,8.9626,0.058843,-1.679e-07
699,4382,1,8.8236,0.0059648,2.1571e-06
761,4347,1,9.2465,0.0089021,2.8499e-06
1334,4390,1,9.0715,0.032351,-6.5587e-07
2315,4393,1,8.9099,0.076538,-8.2008e-08
2409,4289,1,8.9906,0.082942,-8.6543e-08
1087,4404,1,9.0305,0.020782,1.1811e-06
563,4361,1,9.1138,5.0252e-06,2.3045e-08
831,4351,1,8.8157,0.010526,-5.2547e-07
564,4403,1,9.0265,1.2163e-05,2.9555e-09
564,4313,1,9.0217,0.00085121,9.5733e-07
73,4387,1,8.7734,0.12658,-3.706e-07
1336,4402,1,8.8366,0.03109,7.3318e-07
565,4383,1,9.0108,4.2676e-06,-3.9814e-09
2504,4427,1,8.7855,0.088445,9.2307e-08
1911,4418,1,9.1167,0.056332,-2.1846e-07
565,4419,1,8.9544,2.5338e-07,-3.5218e-10
406,4429,1,9.0149,0.11039,-1.1534e-06
831,4410,1,8.9012,0.011011,2.2127e-06
566,4408,1,8.8575,0.00011783,5.9945e-22
566,4426,1,8.855,2.6442e-07,2.7525e-10
1516,4425,1,8.835,0.039123,7.675e-08
1805,4368,1,8.8196,0.052308,2.2562e-06
1516,4406,1,8.8551,0.038335,3.0302e-07
1088,4412,1,8.9837,0.020514,3.2713e-06
566,4428,1,8.8433,1.9296e-07,4.8168e-10
2018,4399,1,8.7945,0.061645,1.2011e-06
566,4413,1,8.8595,6.8663e-08,-5.983e-10
566,4435,1,8.8325,2.4183e-05,-1.7317e-08
2729,4400,1,8.7481,0.1009,-2.0636e-07
1862,4401,1,8.6683,0.054242,2.4154e-06
633,4415,1,8.874,0.0048412,-2.4434e-07
1516,4385,1,8.852,0.038483,-5.8851e-07
2641,4437,1,8.5956,0.094369,-6.7176e-07
566,4423,1,8.8304,4.8539e-05,3.3265e-08
540,4422,1,8.7612,0.10273,9.5275e-07
2685,4377,1,8.704,0.096676,1.1812e-06
963,4433,1,8.8795,0.016169,-7.1504e-07
2593,4442,1,8.9,0.091387,3.1541e-08
566,4431,1,8.8273,0.00046414,-1.016e-08
831,4242,1,8.8519,0.011949,-1.7501e-06
448,4430,1,8.6932,0.10886,9.6068e-08
213,4449,1,8.4577,0.12116,-5.0683e-07
1807,4434,1,8.6587,0.052319,7.4388e-08
2412,4451,1,8.6542,0.082874,2.7892e-06
1088,4397,1,8.9351,0.022502,2.096e-06
356,4432,1,8.6667,0.11348,1.4097e-06
2220,4407,1,8.6507,0.072591,-1.3813e-07
569,4253,1,8.6004,3.6791e-06,-6.2523e-09
1336,4409,1,8.9,0.03044,-3.4541e-07
72,4414,1,8.6585,0.12816,4.3861e-07
567,4450,1,8.7593,1.1603e-07,5.0883e-10
899,4465,1,8.6934,0.012731,-2.9684e-07
568,4327,1,8.6369,2.1262e-07,-1.3636e-09
2505,4458,1,8.6418,0.087798,-8.1943e-07
1399,4473,1,8.5423,0.034142,-3.3186e-07
1578,4462,1,8.5554,0.040528,-1.3736e-07
1276,4421,1,8.6506,0.027715,9.6934e-08
2686,4336,1,8.5863,0.097815,-6.3951e-07
1519,4448,1,8.5855,0.038105,7.1228e-07
2021,4463,1,8.4173,0.061727,3.9434e-07
1695,4276,1,8.5351,0.047391,-9.5522e-07
768,4443,1,8.6045,0.0076539,3.3052e-07
2221,4460,1,8.5706,0.071319,-5.4219e-07
569,4455,1,8.5837,3.1294e-08,2.2751e-10
1340,4467,1,8.4599,0.03175,5.4704e-07
399,4386,1,8.3295,0.11115,7.886e-07
1338,4466,1,8.6696,0.032693,-8.8726e-07
1216,4453,1,8.5482,0.026415,-1.4925e-07
570,4452,1,8.4558,3.2761e-07,1.1585e-10
964,4446,1,8.7551,0.016123,-2.4813e-06
637,4477,1,8.4785,0.0037526,-3.7358e-08
2124,4469,1,8.2822,0.067064,-7.6042e-07
1580,4501,1,8.3707,0.04253,3.8864e-08
2319,4395,1,8.5122,0.076464,4.0721e-07
703,4365,1,8.4311,0.006554,3.9265e-07
2175,4490,1,8.2165,0.070748,-2.996e-07
41,4499,1,8.1542,0.13006,-3.5844e-07
770,4479,1,8.377,0.0079519,-9.2444e-08
2225,4478,1,8.1661,0.072284,-7.698e-10
2173,4363,1,8.323,0.070741,7.8237e-07
1582,4493,1,8.1288,0.040833,2.4263e-08
835,4459,1,8.4595,0.012108,5.9806e-07
1697,4447,1,8.3488,0.046894,6.0455e-07
1400,4445,1,8.4261,0.034829,6.7556e-08
2645,4511,1,8.189,0.09484,-1.4299e-07
2556,4505,1,8.1013,0.0893,-2.2425e-07
1401,4496,1,8.338,0.035256,-2.1336e-06
399,4358,1,8.3814,0.1101,-6.6199e-07
903,4509,0,8.2661,0.012829,-2.3242e-07
534,4468,1,8.1689,0.10276,-1.6137e-07
1641,4439,1,8.1921,0.044782,-2.6577e-09
1220,4514,1,8.1721,0.025966,8.9135e-07
837,4508,0,8.247,0.012325,-3.9166e-07
1699,4513,1,8.1246,0.046104,-1.0387e-06
2127,4491,1,7.9508,0.066057,-2.9624e-06
641,4500,0,8.0394,0.0038974,7.966e-07
571,4461,1,8.3904,9.6349e-05,1.0535e-07
1032,4497,1,8.2884,0.017856,1.1607e-06
838,4506,0,8.1998,0.010711,-2.1809e-07
2225,4519,1,8.135,0.071224,1.3102e-07
531,4516,1,7.9099,0.10394,1.305e-07
1809,4504,1,8.4272,0.051864,-1.8711e-07
1867,4523,1,8.1556,0.053508,6.8195e-07
2465,4529,1,8.0378,0.08411,1.1311e-06
574,4532,0,8.0946,1.2189e-05,3.0054e-08
2691,4522,1,8.0604,0.098097,-1.5958e-06
2417,4528,1,8.1236,0.082003,1.4782e-07
771,4520,0,8.2928,0.0076417,7.493e-07
1344,4521,0,8.0261,0.032129,-2.3415e-07
1404,4525,1,8.1014,0.033825,-1.5194e-06
2510,4494,1,8.129,0.08638,4.7761e-06
1700,4488,1,8.1039,0.046919,-1.9889e-06
1098,4484,0,7.9542,0.021498,-7.0435e-07
1343,4444,1,8.1332,0.030947,1.008e-07
1924,4530,1,7.9178,0.057213,-1.242e-06
303,4481,1,8.0265,0.11466,1.952e-07
905,4524,0,8.0457,0.012545,1.1166e-07
642,4515,0,8.0175,0.0045412,-2.2561e-06
1974,4527,1,8.0318,0.059144,-4.0343e-07
1756,4416,1,8.1396,0.048086,2.6864e-06
205,4551,1,7.7001,0.11923,-6.5217e-07
1404,4486,1,8.1169,0.032997,-6.4023e-07
1161,4534,0,7.984,0.024694,1.2542e-07
160,4512,1,7.9731,0.12247,2.7748e-07
1976,4547,1,7.8782,0.058868,2.6008e-07
444,4503,1,8.2221,0.10869,3.6195e-07
709,4517,0,7.9162,0.005283,3.3142e-09
575,4536,0,7.9862,1.2085e-07,3.0151e-10
2177,4476,1,7.9486,0.07064,-9.1616e-08
575,4510,0,7.9209,5.785e-07,-1.0424e-11
642,4559,0,7.9201,0.0029809,6.2819e-08
908,4482,1,7.7398,0.01234,-2.8778e-07
774,4526,0,7.9325,0.0089704,6.3185e-08
1465,4438,1,7.9511,0.037337,2.1756e-06
1100,4554,0,7.7734,0.022334,7.6038e-07
1815,4567,1,7.8597,0.052053,1.1298e-06
2375,4561,1,7.708,0.078883,4.2354e-08
2739,4502,1,7.8057,0.1008,-3.5609e-08
576,4564,0,7.8217,0.0020339,1.2996e-07
2128,4577,1,7.8657,0.066254,1.8228e-07
576,4565,0,7.8644,0.00030354,-5.2749e-07
2513,4549,1,7.8402,0.08704,8.4455e-07
643,4553,0,7.855,0.004611,-2.6143e-09
1407,4548,0,7.7969,0.03344,-2.0831e-07
2468,4487,1,7.7811,0.085884,-1.3522e-07
2178,4498,1,7.9111,0.070355,7.8821e-07
1285,4573,1,7.7671,0.030046,-6.2604e-07
1164,4555,0,7.6931,0.022653,-5.3572e-07
1226,4572,0,7.5758,0.026638,-3.7611e-09
578,4571,0,7.6507,1.1194e-05,2.1399e-08
975,4576,0,7.6223,0.016142,-1.8267e-06
841,4546,0,7.8256,0.01187,1.9347e-07
1346,4492,1,7.9088,0.030785,-2.2879e-07
578,4569,0,7.7145,0.0010843,1.0661e-06
907,4575,0,7.8507,0.012579,-1.0997e-08
1705,4590,0,7.6024,0.0459,1.5313e-08
156,4552,1,7.6092,0.12168,-1.0471e-06
1037,4518,1,7.7246,0.019641,9.2753e-07
711,4562,1,7.6404,0.0066631,-1.2847e-07
975,4457,0,7.7126,0.017307,1.2007e-07
1528,4592,0,7.6711,0.03969,1.1219e-06
110,4540,1,7.7682,0.12405,8.4396e-07
579,4557,0,7.6006,0.0016644,1.3535e-06
1525,4581,1,7.9753,0.039781,-5.2229e-06
975,4539,1,7.7053,0.016927,4.5854e-07
579,4595,0,7.6105,3.0358e-06,4.4879e-09
2562,4558,1,7.503,0.090353,-2.0446e-07
646,4531,1,7.5886,0.0047705,-2.5223e-07
1978,4593,1,7.7119,0.060582,-1.3367e-06
1761,4563,1,7.6619,0.048311,1.0619e-06
1927,4587,1,7.5408,0.056833,-1.662e-06
711,4605,0,7.6256,0.0056452,-5.7442e-08
712,4600,0,7.6165,0.0069527,5.0002e-07
579,4589,0,7.5986,1.5427e-06,7.3995e-09
576,4398,1,7.9049,5.5091e-05,-8.3052e-09
2280,4602,1,7.5641,0.074201,2.3177e-07
579,4550,0,7.6109,3.315e-06,2.1509e-08
1287,4597,0,7.5437,0.028026,1.3498e-06
1529,4615,0,7.5649,0.039522,-4.6887e-08
977,4601,0,7.4743,0.017164,-2.0287e-08
344,4543,1,7.4584,0.11264,2.9403e-07
1286,4556,1,7.6483,0.028243,-6.0423e-08
713,4606,0,7.5141,0.0070029,-3.3856e-06
1706,4607,0,7.4865,0.046118,-1.7289e-06
576,4542,0,7.8229,0.00061814,4.4661e-08
843,4405,1,7.7158,0.010012,1.6265e-07
2696,4417,1,7.5501,0.098668,1.4914e-06
977,4582,1,7.4973,0.016227,4.3197e-08
1166,4614,0,7.4748,0.023181,6.7014e-08
580,4610,0,7.473,4.9594e-05,1.2451e-07
1288,4626,0,7.4779,0.029266,-3.6599e-07
1764,4574,0,7.3774,0.048122,2.5471e-07
2031,4603,1,7.4596,0.061285,2.1534e-07
714,4608,0,7.4127,0.0061824,2.6513e-07
1471,4620,0,7.4016,0.036982,1.1296e-06
1876,4604,0,7.3062,0.05496,1.8123e-06
979,4480,0,7.3211,0.016573,-6.1114e-07
2032,4623,1,7.3793,0.061898,-1.0004e-06
248,4632,1,7.2532,0.11876,3.4685e-07
2328,4584,1,7.528,0.07687,4.1149e-07
388,4580,1,7.2587,0.10943,-1.3316e-08
2132,4583,1,7.5094,0.06749,7.9314e-08
580,4612,0,7.4248,0.00213,3.4443e-07
2284,4537,1,7.2066,0.075037,-5.588e-07
343,4625,1,7.3484,0.11173,1.0216e-07
1706,4586,1,7.4262,0.045641,6.6444e-07
1589,4596,1,7.481,0.042706,4.9713e-08
294,4639,1,7.13,0.11456,1.5245e-06
2182,4638,1,7.4543,0.068927,1.2634e-06
2698,4507,1,7.3494,0.098752,1.0383e-07
1981,4570,1,7.3664,0.060617,5.7166e-07
581,4622,0,7.323,2.0521e-05,-4.3981e-08
582,4635,0,7.3098,2.9745e-06,8.2944e-09
781,4636,0,7.298,0.0089583,-6.508e-07
1766,4631,0,7.1991,0.048078,-1.7292e-06
1105,4538,0,7.2906,0.022337,-8.8985e-08
649,4652,0,7.2933,0.0035751,5.2141e-09
2184,4630,1,7.2344,0.068987,3.211e-06
248,4642,1,7.287,0.11731,1.1111e-06
2610,4655,1,7.2162,0.092173,-3.1228e-08
1043,4618,0,7.1883,0.019101,-5.8382e-09
1290,4628,0,7.2409,0.027934,1.8229e-06
1043,4649,0,7.1245,0.018498,1.5248e-06
481,4656,1,7.3891,0.10468,7.7093e-07
1292,4659,0,7.1014,0.029244,1.2617e-06
651,4651,0,7.1199,0.004889,2.2646e-07
1932,4650,0,7.1218,0.055807,-2.874e-07
716,4641,0,7.1601,0.0070948,1.396e-06
1767,4647,0,7.0497,0.049326,-4.5077e-07
1043,4653,0,7.1539,0.018488,8.3654e-07
1533,4645,0,7.1414,0.03872,8.0185e-07
914,4627,0,7.175,0.012975,-3.2013e-08
584,4662,0,7.0732,4.8982e-07,-2.3303e-09
2430,4670,1,6.8593,0.082423,3.9206e-07
1652,4657,0,7.1018,0.043859,-7.2087e-07
585,4668,0,7.0212,0.0021532,-8.3041e-08
2382,4673,1,6.9415,0.079331,-5.7489e-07
2747,4629,1,6.9319,0.099159,-1.6523e-07
583,4585,1,7.1461,0.0024506,-1.6052e-06
1931,4599,1,7.2004,0.056512,-2.762e-06
1170,4664,0,7.0761,0.024361,1.1283e-09
2331,4578,1,7.2497,0.076135,-2.1414e-06
2138,4675,1,6.9098,0.065978,2.109e-07
2381,4613,1,7.1151,0.078719,7.2361e-07
2086,4654,1,6.9422,0.064363,-4.237e-07
2430,4663,1,6.8322,0.082552,-7.1062e-07
586,4669,0,6.8608,8.2797e-05,1.2033e-08
2747,4660,1,7.0067,0.099487,-1.4501e-07
1292,4617,1,7.1054,0.029999,-1.4091e-06
476,4685,1,6.8591,0.10418,-3.6573e-07
520,4621,1,6.7302,0.10211,5.8364e-10
2336,4676,1,6.7464,0.076011,1.9327e-07
1823,4609,1,7.0767,0.052059,-1.1394e-07
784,4658,0,6.9968,0.0083537,7.2021e-07
653,4681,0,6.9112,0.0040267,6.8021e-08
2613,4619,1,6.9099,0.092429,6.5326e-08
982,4616,1,6.9411,0.016782,4.4129e-07
2567,4692,1,6.9336,0.089321,-4.9736e-07
653,4698,0,6.8964,0.0041192,1.1426e-07
219,4287,1,9.0157,0.11993,-2.5725e-07
721,4694,0,6.7194,0.005378,4.6014e-06
1654,4640,1,6.9105,0.044539,-5.2597e-07
2189,4679,1,6.7705,0.068789,-1.0927e-06
1298,4677,0,6.4825,0.029191,3.9873e-06
587,4693,0,6.8184,3.2513e-06,-3.2039e-09
587,4672,0,6.7805,4.4434e-05,5.2889e-08
586,4644,1,6.9163,0.00010374,-1.348e-07
291,4661,1,6.8619,0.11604,-2.5315e-07
1938,4643,0,6.5099,0.056526,-4.777e-07
2239,4682,1,6.7436,0.072496,-2.7653e-07
1597,4715,0,6.662,0.042302,2.1484e-07
1655,4699,0,6.8214,0.044083,4.6046e-07
2288,4634,1,6.7338,0.075357,-2.3238e-07
1596,4691,1,6.7582,0.041279,-5.6718e-07
588,4686,0,6.7097,0.00011603,1.778e-07
720,4703,0,6.7486,0.0066148,-8.0331e-07
1772,4709,0,6.6076,0.04908,-6.7712e-07
588,4706,0,6.6699,1.6583e-05,-6.5729e-08
588,4722,0,6.691,2.0294e-06,-5.4169e-09
2661,4720,1,6.6034,0.095173,-3.1083e-06
951,3893,1,10.024,0.016442,-1.2311e-07
787,4714,0,6.6799,0.0090451,-5.1961e-08
721,4637,1,6.6782,0.0069795,1.414e-06
852,4624,1,6.7695,0.011729,-8.4895e-07
2240,4719,1,6.6311,0.07314,-4.0912e-07
655,4716,0,6.6516,0.0030153,1.7454e-06
1480,4707,0,6.4592,0.036822,-1.1694e-07
788,4717,0,6.6122,0.0077025,1.4787e-08
1419,4678,1,6.5951,0.034908,5.5363e-07
1773,4734,0,6.5153,0.048809,-2.6489e-07
1828,4735,0,6.5942,0.051188,2.5982e-07
2290,4705,1,6.5705,0.075618,9.8104e-07
1298,4733,0,6.4534,0.029545,-2.4784e-07
589,4731,0,6.5794,1.2725e-07,7.5214e-10
590,4712,0,6.5172,0.00099971,6.5355e-08
2572,4725,1,6.4341,0.090431,-9.5738e-07
2140,4687,1,6.7018,0.066919,2.2489e-10
1883,4746,0,6.5417,0.053772,-3.8146e-07
590,4728,0,6.487,0.00044749,-1.7908e-07
2388,4684,1,6.3833,0.080134,7.3309e-07
590,4743,0,6.4472,0.00011014,1.4462e-07
987,4754,0,6.4735,0.016745,-3.6917e-07
473,4701,1,6.5679,0.10487,6.5695e-07
921,4680,1,6.5081,0.013247,9.3488e-07
1050,4749,0,6.4716,0.019588,-6.7749e-07
987,4736,0,6.4537,0.015493,4.8259e-07
1113,4674,1,6.4833,0.020496,-3.3893e-07
1772,4696,1,6.6048,0.049704,4.9337e-08
2482,4665,1,6.3333,0.084598,-7.0944e-06
1052,4763,0,6.2824,0.017569,-7.5716e-07
988,4756,0,6.3798,0.017236,7.4187e-08
1601,4757,0,6.3103,0.042654,-4.4215e-08
1600,4730,1,6.3489,0.042132,1.2877e-06
1299,4738,0,6.3534,0.028476,-3.089e-06
1113,4764,0,6.5207,0.02147,2.6616e-08
1600,4729,0,6.359,0.040422,-1.2905e-07
2090,4704,1,6.5288,0.064735,3.2001e-07
790,4769,0,6.3288,0.0094543,-2.9359e-08
725,4765,0,6.3268,0.0058903,-8.004e-09
1177,4724,0,6.3319,0.024342,3.4574e-06
659,4758,0,6.3237,0.0034141,-5.7071e-07
857,4761,0,6.2285,0.010769,5.4679e-06
1992,4711,1,6.3231,0.058208,-5.5078e-07
1115,4773,0,6.2609,0.019967,8.0931e-07
656,4718,1,6.5342,0.0035959,5.0985e-07
792,4772,0,6.2209,0.0083805,-1.8168e-07
351,4470,1,8.1506,0.11205,-2.0433e-08
1831,4768,0,6.2959,0.051581,1.3671e-06
1423,4767,0,6.2277,0.033742,5.1605e-06
468,4747,1,6.0979,0.10635,4.7861e-07
592,4753,0,6.2722,2.9594e-05,-1.4e-07
217,4380,1,8.8834,0.12046,-3.3877e-07
593,4633,0,6.2069,0.00086138,8.4221e-07
1115,4766,0,6.2288,0.021812,9.1476e-07
1719,4770,0,6.2096,0.046142,-3.0478e-07
1602,4775,0,6.2208,0.042577,7.3225e-07
594,4751,0,6.0784,0.0012178,3.9104e-07
858,4742,0,6.2272,0.01179,-3.9955e-06
1301,4740,0,6.1841,0.028108,1.2512e-06
593,4784,0,6.2038,2.7954e-05,2.897e-08
2437,4741,1,6.1429,0.082297,5.0399e-07
1362,4726,0,6.295,0.031898,-4.6509e-07
593,4771,0,6.1925,0.00060259,1.7069e-09
2245,4782,0,6.179,0.072499,-8.7935e-07
1777,4776,1,6.0878,0.04853,-5.7234e-07
143,4688,1,6.2454,0.12312,1.4588e-07
514,4666,1,6.17,0.10331,-5.3235e-07
2757,4791,1,5.9568,0.099943,2.3432e-06
1422,4723,1,6.2338,0.033525,-2.8551e-06
660,4793,0,6.1345,0.0043073,-2.0742e-08
2531,4786,1,6.1082,0.087321,-1.7646e-06
2342,4710,1,6.1387,0.078385,-9.272e-08
594,4799,0,6.1122,0.0013494,-5.7179e-08
992,4777,0,6.0081,0.016994,4.7713e-07
1364,4796,0,6.0373,0.032558,4.4e-07
1181,4812,0,6.007,0.023171,4.406e-07
421,4783,1,5.9561,0.10651,2.0724e-07
1544,4760,1,6.0781,0.039786,2.5346e-06
2713,4745,1,5.9073,0.097382,-1.899e-07
1890,4817,0,5.8624,0.054419,1.4891e-07
2532,4778,1,5.9723,0.087178,9.8876e-07
1365,4805,0,5.9491,0.03188,-1.682e-07
1243,4811,0,5.9279,0.026701,5.3069e-07
422,4750,1,6.0763,0.10769,-1.0516e-07
1243,4797,0,5.833,0.025958,7.2874e-08
728,4802,0,5.9879,0.0063973,1.7066e-06
1303,4748,0,5.9679,0.028644,2.1087e-06
2623,4788,1,5.8904,0.09313,3.824e-06
662,4816,0,5.975,0.0025518,-5.3488e-09
663,4785,1,5.8814,0.0043966,-7.7956e-07
2246,4744,1,6.071,0.072857,1.1069e-06
729,4804,0,5.8876,0.0054345,-4.0058e-08
596,4755,0,5.8769,1.6143e-05,3.3285e-08
662,4822,0,5.9914,0.0048844,-1.0476e-06
511,4762,1,5.8437,0.10232,-2.0527e-06
1780,4828,0,5.8305,0.049727,1.5801e-06
1305,4721,0,5.7895,0.028878,1.9796e-07
1182,4814,0,5.8522,0.024465,-1.5386e-07
1243,4800,1,5.8371,0.025172,8.2964e-07
596,4795,1,5.8587,0.0011435,1.1662e-06
1606,4803,0,5.7908,0.042146,7.744e-07
993,4827,0,5.8455,0.015325,-6.0712e-07
596,4789,0,5.8392,0.0012964,1.0509e-08
795,4826,0,5.853,0.0094481,-1.2492e-06
512,4759,1,5.9799,0.10199,-5.2291e-08
796,4790,0,5.8136,0.0089252,-4.2983e-07
1835,4836,0,5.8487,0.052536,2.1955e-06
862,4825,0,5.7369,0.010604,-3.8569e-07
2048,4702,1,5.8103,0.060706,-4.1721e-06
1891,4683,0,5.7555,0.054418,-3.0401e-07
597,4835,0,5.7701,6.0165e-07,-4.3712e-09
1183,4831,0,5.7642,0.022648,1.0347e-07
419,4809,1,5.806,0.10828,-1.6015e-08
2669,4780,1,5.7713,0.094461,-2.1362e-06
928,4830,0,5.7922,0.013553,2.2708e-06
597,4846,0,5.7641,0.0013774,8.2947e-07
1947,3716,0,5.5612,0.056322,-4.7112e-07
2247,4779,1,5.9363,0.071393,1.7068e-07
1665,4843,0,5.8238,0.043428,-9.9358e-07
2668,4752,1,5.9185,0.09603,9.9613e-08
140,4792,1,5.9806,0.12385,-6.3367e-06
1997,4808,0,5.7795,0.059863,2.6905e-07
1184,4847,0,5.7004,0.024596,-1.093e-06
1724,4737,0,5.6897,0.045694,1.0164e-06
1184,4727,0,5.6506,0.024541,1.4056e-06
1549,4860,0,5.5666,0.037797,8.3351e-07
2300,4815,0,5.5963,0.074728,1.4576e-06
598,4863,0,5.6925,7.4793e-08,4.9484e-10
731,4840,0,5.657,0.0064762,-1.3356e-07
1609,4857,0,5.505,0.041531,-3.5594e-06
599,4848,0,5.6119,0.0018152,-1.174e-09
732,4855,0,5.6031,0.0054086,6.2126e-09
1370,4854,0,5.5068,0.031513,4.8465e-08
666,4869,0,5.6094,0.0035358,7.5054e-07
1609,4867,0,5.5293,0.041537,-5.0013e-07
2443,4807,1,5.5736,0.082029,-9.1043e-07
2300,4813,0,5.5967,0.075293,1.2317e-06
864,4852,0,5.5764,0.0098739,7.5924e-07
417,4850,1,5.5429,0.10768,-2.3653e-07
798,4859,0,5.6097,0.0075726,1.2128e-06
666,4821,0,5.5611,0.0036542,-1.5076e-07
599,4820,0,5.5443,0.0012131,6.7213e-09
65,4441,1,7.9945,0.12883,2.2516e-09
1667,4834,0,5.533,0.043939,-6.1313e-07
278,4878,1,5.5867,0.11417,-1.1539e-06
865,4861,0,5.5164,0.011157,-7.4915e-08
2490,4823,1,5.5733,0.084241,-9.3815e-07
1247,4866,0,5.5175,0.027121,-3.1655e-07
600,4838,0,5.476,6.4586e-05,-1.4858e-07
600,4842,0,5.4776,4.0891e-07,-2.5429e-09
1551,4873,0,5.3933,0.039607,5.3718e-07
1245,4832,1,5.6363,0.025478,2.7306e-06
1247,4877,0,5.4575,0.025027,2.1013e-08
1122,4872,0,5.5745,0.021716,5.4112e-06
1309,4856,0,5.3554,0.028807,-1.1269e-06
799,4870,0,5.4591,0.0095759,2.2756e-07
1895,4781,0,5.3607,0.053203,-3.0415e-07
1839,4849,0,5.4801,0.052298,-2.8244e-06
1489,4837,1,5.5547,0.035376,-4.1234e-06
2491,4774,1,5.521,0.085138,3.955e-07
601,4833,0,5.3662,2.6117e-05,6.3553e-08
601,4874,0,5.4313,0.0014021,1.9056e-07
1840,4885,0,5.4091,0.050983,-3.0553e-07
600,4884,0,5.4437,3.2265e-07,1.8282e-09
1727,4886,0,5.4175,0.047346,-1.0043e-06
1670,4875,0,5.2986,0.04404,7.478e-07
1248,4882,0,5.3781,0.027378,-6.6962e-07
1249,4883,0,5.2933,0.025196,1.2404e-06
2253,4806,1,5.3633,0.070939,4.6436e-07
801,4864,0,5.2936,0.0080933,2.1599e-06
2252,4858,1,5.4447,0.071788,-5.7658e-06
1841,4876,0,5.3354,0.05162,2.621e-06
1493,4902,0,5.2187,0.036369,8.1539e-08
800,4810,1,5.3528,0.00772,3.5994e-06
602,4890,0,5.2887,0.00083024,1.7691e-06
1431,4794,1,5.3429,0.03497,-6.5493e-07
1553,4900,0,5.1903,0.038733,-4.4483e-07
2204,4819,1,5.311,0.068604,-7.0148e-08
1950,4839,1,5.321,0.055739,2.1336e-06
669,4891,0,5.2966,0.0029675,-2.26e-06
2002,4824,1,5.2977,0.058342,1.0548e-09
183,4798,1,5.453,0.12059,1.452e-06
1125,4892,0,5.2712,0.020695,8.9325e-10
602,4901,0,5.2726,3.8585e-07,1.3747e-09
309,4270,1,8.6962,0.11499,2.5149e-07
2303,4829,1,5.2842,0.075656,-1.5056e-06
1063,4868,1,5.2392,0.018544,-2.0044e-07
603,4889,0,5.2115,3.06e-07,-7.5344e-11
1787,4923,0,5.1381,0.04859,2.6961e-06
1312,4898,1,5.1103,0.028258,4.7103e-07
603,4927,0,5.1962,0.0005307,-6.4377e-09
1553,4880,1,5.1969,0.03844,-3.3733e-06
670,4911,0,5.1801,0.002641,-1.0901e-06
1951,4895,0,5.2013,0.057276,-3.9134e-07
1613,4903,0,5.0799,0.042006,-2.7445e-07
2493,4893,1,5.3283,0.084576,-2.2664e-07
1064,4921,0,5.1522,0.018652,4.3278e-07
604,4915,0,5.1342,0.0015168,-1.9437e-07
1435,4919,0,5.0412,0.03439,3.7237e-08
737,4913,0,5.0953,0.0051773,9.2226e-08
461,4862,1,5.3614,0.10598,-3.2282e-06
1064,4929,0,5.0701,0.017972,3.1889e-07
1191,4920,0,5.0613,0.024693,1.9251e-06
2155,4910,1,5.161,0.067169,-1.4983e-07
2539,4871,1,5.2501,0.088649,2.3107e-06
605,4930,0,5.0401,0.00083345,6.3934e-07
870,4946,0,5.0355,0.011964,3.636e-07
1612,4912,1,5.1664,0.042206,-4.6949e-06
1787,4899,1,5.0705,0.049706,-2.3489e-08
606,4917,0,4.9672,4.8312e-05,7.6852e-10
1496,4922,0,4.9084,0.036958,-1.0326e-06
2540,4841,1,5.1933,0.088452,1.0376e-07
2494,4801,1,5.1691,0.085021,-2.3123e-07
606,4907,0,4.9533,0.00099176,8.4816e-09
504,4879,1,5.2236,0.10203,-1.41e-07
673,4931,0,4.9387,0.0032317,-5.1062e-09
1496,4887,1,4.9455,0.036865,1.9727e-06
1129,4933,0,4.9054,0.021609,-6.5986e-08
1376,4944,0,4.9056,0.031471,-2.2655e-07
2056,4897,1,5.0618,0.061019,-1.1205e-07
1066,4881,0,4.9025,0.017888,7.308e-07
1193,4926,0,4.806,0.024409,-5.942e-07
1377,4904,0,4.8169,0.030803,-3.903e-07
1254,4943,0,4.8783,0.026542,6.3996e-07
1498,4914,0,4.795,0.037223,-1.5814e-07
1130,4916,0,4.8781,0.021127,-4.2099e-07
1558,4963,0,4.771,0.03979,-6.9526e-08
1316,4962,0,4.7742,0.027524,5.3115e-08
1557,4952,0,4.8586,0.038361,1.0373e-06
1130,4950,0,4.8469,0.020318,3.1515e-06
674,4947,0,4.8293,0.0030395,-6.4871e-07
2403,4924,0,4.946,0.080104,-1.3172e-06
1846,4894,1,4.8816,0.051297,-3.0452e-07
1255,4958,0,4.7657,0.026977,1.7967e-06
2208,4906,1,4.9633,0.070493,2.4374e-06
1255,4844,1,4.7386,0.027176,1.356e-07
1130,4955,0,4.8166,0.021907,-1.1118e-06
607,4959,0,4.8191,2.3817e-07,2.2593e-11
1437,4953,0,4.8183,0.033861,-1.1624e-06
1735,4967,0,4.6975,0.047226,-2.1038e-06
608,4948,0,4.7691,0.00024018,3.1923e-07
2107,4936,0,4.9052,0.063587,-2.93e-07
1439,4971,0,4.6932,0.03436,3.1152e-07
1131,4787,0,4.7373,0.021645,4.7891e-07
105,4544,1,7.2581,0.12602,2.3956e-07
1439,4969,0,4.6516,0.03386,1.5649e-08
675,4935,0,4.7257,0.0031763,5.8393e-07
1560,4970,0,4.6386,0.039578,-1.0813e-06
742,4937,0,4.7188,0.0052623,6.208e-08
1500,4960,0,4.631,0.036646,-4.7562e-08
2260,4925,1,4.7697,0.071268,-1.0114e-08
1317,4968,0,4.7023,0.028659,1.3615e-07
1317,4934,0,4.6976,0.029752,-8.3947e-07
1500,4942,1,4.6105,0.036994,-1.474e-06
676,4964,0,4.6774,0.0045755,-5.7675e-07
676,4980,0,4.673,0.0040172,-1.7014e-06
609,4957,0,4.654,8.8745e-06,1.7721e-08
609,4973,0,4.6494,0.0019156,-9.3737e-07
2633,4939,1,4.9216,0.092915,8.0076e-07
610,4949,0,4.6081,0.00060615,6.8417e-07
1620,4940,0,4.5175,0.040521,-8.0256e-07
743,4938,0,4.5867,0.005364,1.2957e-06
1258,4972,0,4.5019,0.027352,-6.0831e-08
677,4987,0,4.5776,0.0035598,2.4605e-07
1561,4981,0,4.492,0.03867,3.2333e-06
2405,4908,1,4.8025,0.080284,1.6679e-09
1070,4982,0,4.5618,0.018223,-5.8485e-10
1904,4905,1,4.6268,0.054371,1.9588e-06
942,4984,0,4.5563,0.013924,-7.7318e-07
363,4932,1,4.8658,0.109,-3.8047e-08
1794,4976,0,4.5472,0.049469,-2.7649e-07
1679,4975,0,4.5388,0.045197,1.6398e-08
455,4851,1,4.8511,0.10644,-5.1681e-07
611,5000,0,4.5294,3.0838e-06,-3.6331e-09
1008,4978,0,4.5224,0.017071,1.191e-06
2060,4818,1,4.6721,0.061037,-1.5954e-06
1442,4990,0,4.4345,0.034824,9.8593e-08
1442,4986,0,4.4309,0.033639,1.2661e-06
1136,4204,1,10.44,0.024972,4.5211e-07
2320,3407,1,14.934,0.95812,8.0083e-07
1898,3595,1,13.911,0.83126,2.4371e-06
1516,3623,1,12.942,0.86592,-6.446e-07
2224,3270,1,14.792,0.75586,-1.1927e-06
2523,3162,1,15.464,0.74419,7.1258e-07
2392,3128,1,15.136,0.72822,5.0594e-07
2392,3419,1,15.154,0.72145,9.4854e-07
2065,3342,1,14.521,0.68288,-1.7095e-06
2322,3228,1,15.025,0.66327,-1.8343e-06
1699,3345,1,13.821,0.65329,-1.7615e-07
2634,3234,1,15.628,0.65991,5.8072e-07
2797,3184,1,15.973,0.73236,-1.0278e-06
2376,3300,1,15.182,0.67741,-3.1236e-06
1801,3499,1,14.031,0.64063,1.5686e-06
1588,3338,1,13.623,0.59055,-4.1517e-07
2727,3183,1,15.878,0.58403,-6.4535e-07
1744,3508,1,13.949,0.59822,-4.8276e-06
1255,3451,1,12.932,0.65758,1.6118e-06
2117,3496,1,14.686,0.68058,3.2049e-06
2575,3298,1,15.503,0.60885,-3.7766e-08
2207,3277,1,14.847,0.5834,4.1884e-07
2005,3397,1,14.458,0.61405,6.9403e-07
1799,3436,1,14.087,0.62493,-1.0222e-06
2262,3404,1,14.92,0.59879,1.6773e-06
1697,3503,1,13.848,0.63221,4.7909e-08
2458,3142,1,15.382,0.50996,7.868e-07
1950,3494,1,14.352,0.59533,-1.122e-06
1854,3563,1,14.107,0.64888,1.5061e-06
1303,3664,1,13.05,0.6607,-5.3931e-07
2721,3285,1,15.855,0.53438,-1.936e-07
2448,3215,1,15.383,0.42516,-4.1638e-07
1481,3600,1,13.471,0.54378,1.1147e-07
2616,3374,1,15.663,0.52756,-4.6618e-07
1432,3530,1,13.348,0.53655,-1.1808e-06
2571,3364,1,15.564,0.58267,-9.0254e-08
1996,3492,1,14.473,0.56129,3.5994e-07
2198,3368,1,14.851,0.5135,8.2361e-08
879,3543,1,12.122,0.5595,-6.5449e-07
2189,3107,1,14.84,0.43938,-2.0615e-06
2656,3288,1,15.729,0.4338,-1.9781e-07
2405,3444,1,15.223,0.50569,-1.2394e-07
1530,3585,1,13.576,0.54063,1.0767e-06
2349,3391,1,15.153,0.47705,6.9038e-07
2607,3312,1,15.606,0.45476,-7.1112e-07
2452,3358,1,15.332,0.46104,-1.8876e-06
1282,3430,1,13.061,0.50737,-3.084e-08
2552,3276,1,15.508,0.43162,2.942e-07
1429,3596,1,13.374,0.5159,6.1261e-07
1330,3603,1,13.159,0.50669,6.5664e-07
1833,3481,1,14.105,0.50248,-1.6901e-07
2233,3343,1,14.908,0.3824,1.5411e-06
2283,3313,1,15.089,0.36639,1.9696e-07
2295,3442,1,15.056,0.4604,-1.5056e-06
2549,3385,1,15.583,0.40744,1.4737e-06
1879,3607,1,14.2,0.45198,-2.8601e-06
1373,3544,1,13.228,0.46988,3.2074e-06
2444,3352,1,15.334,0.39721,-1.2773e-06
958,3578,1,12.381,0.49114,-1.8416e-06
2288,3478,1,15.06,0.39977,1.7273e-06
2081,3474,1,14.677,0.41193,-7.6671e-08
1670,3468,1,13.867,0.43742,-1.0111e-06
1876,3582,1,14.228,0.43323,-4.5916e-07
1232,3672,1,12.948,0.48894,2.2711e-06
1720,3646,1,13.993,0.42297,2.5258e-06
601,3767,1,11.593,0.46273,-5.7227e-07
398,3897,1,11.027,0.54538,9.4045e-07
1617,3209,1,13.783,0.42495,-1.8314e-07
914,3830,1,12.239,0.48995,-1.377e-06
2281,3264,1,15.005,0.35194,4.5623e-08
1466,3524,1,13.475,0.42596,1.0933e-07
689,3922,1,11.743,0.46894,2.6124e-07
2177,3396,1,14.799,0.35477,-1.2411e-06
1869,3537,1,14.253,0.38098,-4.857e-07
508,3848,1,11.353,0.42879,-1.3496e-06
1510,3629,1,13.563,0.39018,-1.006e-07
1611,3550,1,13.782,0.3856,-6.8591e-07
1317,3662,1,13.125,0.40877,1.5604e-06
1968,3495,1,14.429,0.34513,1.6382e-06
1266,3642,1,13.068,0.38357,-1.614e-07
1220,3569,1,12.913,0.40402,-2.6451e-06
1458,3490,1,13.492,0.3677,-2.371e-06
1173,3688,1,12.884,0.41081,1.788e-06
421,3931,1,11.165,0.41276,3.1521e-06
945,3824,1,12.332,0.39866,3.1509e-07
1656,3614,1,13.857,0.3396,-8.0038e-07
1456,3631,1,13.421,0.35678,-2.9517e-07
1120,3740,1,12.799,0.37161,-3.4356e-07
1504,3480,1,13.504,0.3492,-7.4739e-07
2735,3224,1,15.898,0.23688,3.4684e-07
2326,3293,1,14.389,0.23547,1.6686e-07
2280,3551,1,14.138,0.25947,-1.2046e-08
2177,3553,1,13.729,0.2987,8.3325e-08
2614,3296,1,15.375,0.3015,-1.0294e-07
2264,3434,1,14.015,0.30636,-8.6638e-07
1815,3749,1,12.689,0.3253,-9.9676e-07
2067,3522,1,13.469,0.23737,-9.6968e-07
2276,3527,1,14.123,0.24602,1.9852e-08
1508,3735,1,11.836,0.35612,-3.0072e-07
2305,3435,1,14.293,0.25395,6.9548e-08
1547,3831,1,11.976,0.34968,-2.0747e-07
2559,3362,1,15.166,0.29829,-1.7483e-06
2745,3291,1,15.816,0.2683,-1.4894e-08
1310,3842,1,11.38,0.38798,2.1678e-06
1896,3736,1,12.974,0.23059,-3.9203e-09
1274,3988,1,11.369,0.23281,-4.5002e-07
1270,3959,1,11.211,0.40155,-1.8412e-06
1590,3841,1,12.079,0.37314,7.0588e-07
1014,3896,1,10.669,0.36651,7.198e-07
2777,3072,1,15.989,0.28619,-1.1443e-06
1170,3960,1,11.08,0.30756,1.1185e-06
1099,3827,1,10.857,0.3753,7.2586e-07
2183,3535,1,13.749,0.32591,-1.1469e-06
840,3973,1,10.228,0.39426,-5.0067e-07
1124,3979,1,10.905,0.288,-1.4887e-07
2008,3611,1,13.254,0.25934,1.6945e-06
2558,3367,1,15.163,0.29073,-5.7226e-08
2033,3647,1,13.391,0.23313,-4.3393e-07
2727,3302,1,15.739,0.30957,-2.1435e-06
1097,3930,1,10.899,0.36229,-8.0318e-07
702,4062,1,10.004,0.42896,1.7707e-06
1034,4003,1,10.756,0.2667,-1.477e-06
648,4002,1,9.8718,0.38786,-6.204e-07
1727,3772,1,12.42,0.27941,-3.9366e-07
1775,3757,1,12.592,0.31862,9.3894e-07
1725,3722,1,12.433,0.27231,-5.0365e-08
2781,3309,1,15.998,0.30232,-2.6274e-06
2724,3165,1,15.732,0.29714,4.502e-07
1577,3774,1,12.036,0.30252,1.2651e-06
963,4098,1,10.531,0.31796,6.6193e-07
1093,4021,1,10.879,0.33828,1.859e-07
1745,3799,1,12.483,0.36836,5.8802e-07
787,4102,1,10.193,0.35617,-1.5046e-06
647,4154,1,9.8574,0.37835,1.1588e-06
2695,3282,1,15.659,0.29375,1.7191e-07
856,4071,1,10.349,0.25135,3.6826e-08
1421,3874,1,11.678,0.31668,-1.2532e-07
2117,3683,1,13.506,0.30271,3.8968e-07
2344,3590,1,14.322,0.29945,-2.9725e-07
2482,3428,1,14.859,0.31533,1.785e-06
1418,3982,1,11.676,0.30278,-9.112e-07
637,4050,1,9.839,0.3229,-2.757e-06
357,4153,1,9.2385,0.35338,1.1463e-06
2691,3366,1,15.628,0.27743,5.8611e-07
1416,3957,1,11.684,0.2956,-2.125e-06
405,4218,1,9.3153,0.35627,2.0956e-06
1898,3762,1,12.912,0.23522,2.7045e-07
610,4179,1,9.8224,0.22915,2.002e-09
1911,3748,1,12.917,0.27692,3.0295e-07
1654,3882,1,12.257,0.29839,-1.019e-06
756,4044,1,10.123,0.23509,2.5176e-07
1073,4038,1,10.809,0.25693,-1.5709e-07
912,4209,1,10.434,0.29077,-1.3051e-06
2278,3602,1,14.1,0.25331,-1.2807e-07
1810,3794,1,12.663,0.30195,-8.2936e-07
425,4286,1,9.4498,0.24565,-1.6852e-07
2072,3639,1,13.492,0.25267,-8.7747e-07
2006,3804,1,13.298,0.2519,2.2254e-06
627,4196,1,9.8818,0.27768,-8.3777e-09
2604,3380,1,15.341,0.25875,2.9571e-09
2418,3598,1,14.656,0.27057,9.277e-07
2339,3630,1,14.33,0.27969,4.3254e-06
430,4255,1,9.5092,0.26054,-1.7689e-07
295,4139,1,9.2109,0.28203,3.0542e-07
2547,3458,1,15.161,0.25062,5.4701e-08
372,4217,1,9.3882,0.23134,-2.0471e-09
1526,3907,1,11.98,0.25616,5.6241e-07
2069,3644,1,13.399,0.24204,-2.6744e-07
333,4258,1,9.2783,0.2525,-1.862e-06
240,4371,1,9.0488,0.25332,1.0883e-07
565,4105,1,9.786,0.23555,-6.2994e-07
2595,3416,1,15.329,0.23356,-6.4478e-07
2487,3565,1,14.913,0.23156,1.1755e-06
613,4290,1,9.8533,0.23699,1.6078e-06
754,4065,1,10.165,0.2289,-6.6514e-07
1673,3906,1,12.388,0.23244,-1.2232e-06
115,4308,1,8.7664,0.28135,-1.6158e-06
1862,3782,1,12.891,0.23107,-5.0836e-07
111,4272,1,8.7518,0.26804,1.1231e-07
803,4134,1,10.241,0.2339,-2.3265e-07
2064,3674,1,13.411,0.23023,3.7351e-07
145,4334,1,8.8189,0.23842,3.2691e-07
2351,3581,1,14.463,0.22921,4.2729e-07
38,4279,1,8.5614,0.27969,-2.0843e-07
609,4178,1,9.8268,0.22753,5.7768e-07
2484,3455,1,14.92,0.2242,8.8378e-07
